ID;Nome;Data_nascita;Luogo_nascita;Nazionalita;url
ABRAHAM;ABRAHAM Tammy;02/10/1997;Londra;Inghilterra;https://img.a.transfermarkt.technology/portrait/header/331726-1661352750.jpg?lm=1
ACERBI;ACERBI Francesco;10/02/1988;Vizzolo Predabissi;Italia;https://img.a.transfermarkt.technology/portrait/header/131075-1595858393.jpg?lm=1
ADEKANYE;ADEKANYE Bobby;14/02/1999;Ibadan;Nigeria;
ADJAPONG;ADJAPONG Claud;06/05/1998;Modena;Italia;
ADLI;ADLI Yacine;29/07/2000;Vitry-sur-Seine;Francia;https://img.a.transfermarkt.technology/portrait/header/395236-1656579831.jpg?lm=1
ADORANTE;ADORANTE Andrea;05/02/2000;Parma;Italia;
ADRIEN SILVA;ADRIEN SILVA;15/03/1989;Angouleme;Portogallo;
AFENA-GYAN;AFENA-GYAN Felix;19/01/2003;Sunyani;Ghana;https://img.a.transfermarkt.technology/portrait/header/872380-1634566176.jpg?lm=1
AGOUME;AGOUME Lucien;09/02/2002;Yaounde;Francia;https://img.a.transfermarkt.technology/portrait/header/569384-1656577561.jpg?lm=1
AGUDELO;AGUDELO Kevin;14/11/1998;Puerto Caicedo;Colombia;https://img.a.transfermarkt.technology/portrait/header/587458-1602505535.jpg?lm=1
AINA;AINA Ola;08/10/1996;Southwark;Nigeria;https://img.a.transfermarkt.technology/portrait/header/236490-1661515120.jpg?lm=1
ALASTRA;ALASTRA Fabrizio;01/10/1997;Erice;Italia;
ALEX SANDRO;ALEX SANDRO;26/01/1991;Catanduva;Brasile;https://img.a.transfermarkt.technology/portrait/header/79960-1661351746.jpg?lm=1
ALFONSO;ALFONSO Enrico;04/05/1988;Padova;Italia;
ALLAN;ALLAN;08/01/1991;Rio de Janeiro;Brasile;
ALTARE;ALTARE Giorgio;09/08/1998;Bergamo;Italia;
ALVAREZ A.;ALVAREZ Agustin;19/05/2001;San Bautista;Uruguay;https://img.a.transfermarkt.technology/portrait/header/812625-1654863388.jpg?lm=1
AMIAN;AMIAN Kelvin;08/02/1998;Tolosa;Francia;https://img.a.transfermarkt.technology/portrait/header/344072-1638174640.jpg?lm=1
AMIRI;AMIRI Nadiem;27/10/1996;Ludwigshafen am Rhein;Germania;
AMPADU;AMPADU Ethan;14/09/2000;Exeter;Galles;https://img.a.transfermarkt.technology/portrait/header/392771-1658829697.jpg?lm=1
AMRABAT;AMRABAT Sofyan;31/03/1987;Naarden;Marocco;https://img.a.transfermarkt.technology/portrait/header/287579-1594640348.jpg?lm=1
ANDERSON A;ANDERSON Andre;23/09/1999;Maracai;Brasile;
ANDRENACCI;ANDRENACCI Lorenzo;02/01/1995;Fermo;Italia;
ANKERSEN;ANKERSEN Peter;22/09/1990;Esbjerg;Danimarca;
ANSALDI;ANSALDI Cristian;20/09/1986;Rosario (ARG);Argentina;
ANTISTE;ANTISTE Janis;18/08/2002;Tolosa;Francia;https://img.a.transfermarkt.technology/portrait/header/538974-1604253099.jpg?lm=1
ANTONUCCI;ANTONUCCI Mirko;11/03/1999;Roma;Italia;
ARAMU;ARAMU Mattia;14/05/1995;Ciriè;Italia;
ARANA;ARANA Guilherme;14/04/1997;San Paolo;Brasile;
ARESTI;ARESTI Simone;15/03/1986;Carbonia;Italia;
ARMINI;ARMINI Nicolò;07/03/2001;Marino;Italia;
ARNAUTOVIC;ARNAUTOVIC Marko;19/04/1989;Vienna;Austria;https://img.a.transfermarkt.technology/portrait/header/41384-1661268772.jpg?lm=1
ARSLAN;ARSLAN Tolgay;16/08/1990;Paderborn;Germania;
ARTHUR;ARTHUR;12/08/1996;Goiana;Brasile;https://img.a.transfermarkt.technology/portrait/header/362842-1599988056.jpg?lm=1
ASAMOAH;ASAMOAH Kwadwo;09/12/1988;Accra;Ghana;
ASLLANI;ASLLANI Kristjan;09/03/2002;Elbasan;Albania;https://img.a.transfermarkt.technology/portrait/header/543771-1644913890.jpg?lm=1
AUDERO;AUDERO Emil;18/01/1997;Mataram;Italia;https://img.a.transfermarkt.technology/portrait/header/256339-1595847976.jpg?lm=1
AUGELLO;AUGELLO Tommaso;30/08/1994;Milano;Italia;https://img.a.transfermarkt.technology/portrait/header/284595-1634292208.jpg?lm=1
AVOGADRI;AVOGADRI Lorenzo;21/08/2001;Bergamo;Italia;
AYE';AYE Florian;09/01/1997;Parigi;Francia;
AYHAN;AYHAN Kaan;10/11/1994;Gelsenkirchen;Turchia;
BABACAR;BABACAR El Khouma;17/03/1993;Thies;Senegal;
BADELJ;BADELJ Milan;25/02/1989;Zagabria;Croazia;
BADU;BADU Emmanuel;02/12/1990;Berekum;Ghana;
BAHLOULI;BAHLOULI Mohamed;17/02/2000;Lione;Francia;
BAJRAMI;BAJRAMI Nedim;28/02/1999;Zurigo;Albania;https://img.a.transfermarkt.technology/portrait/header/390177-1661510744.jpg?lm=1
BAKAYOKO;BAKAYOKO Tiemouè;17/08/1994;Parigi;Francia;https://img.a.transfermarkt.technology/portrait/header/182618-1661350547.jpg?lm=1
BALDANZI;BALDANZI Tommaso;23/03/2003;Poggibonsi;Italia;https://img.a.transfermarkt.technology/portrait/header/641537-1661764089.jpg?lm=1
BALOTELLI;BALOTELLI Mario;12/08/1990;Palermo;Italia;
BANDINELLI;BANDINELLI Filippo;29/03/1995;Firenze;Italia;https://img.a.transfermarkt.technology/portrait/header/240934-1661515180.jpg?lm=1
BANI;BANI Mattia;10/12/1993;Borgo San Lorenzo;Italia;
BARAK;BARAK Antonin;03/12/1994;Pribram;Repubblica Ceca;https://img.a.transfermarkt.technology/portrait/header/272261-1630660621.jpg?lm=1
BARBERIS;BARBERIS Andrea;11/12/1993;Finale Ligure;Italia;https://img.a.transfermarkt.technology/portrait/header/146680-1632547221.jpg?lm=1
BARELLA;BARELLA Nicolo;07/02/1997;Cagliari;Italia;https://img.a.transfermarkt.technology/portrait/header/255942-1661353022.jpg?lm=1
BARILLA';BARILLA Antonino;01/04/1988;Reggio Calabria;Italia;
BARRECA;BARRECA Antonio;18/03/1995;Torino;Italia;
BARRETO;BARRETO Edgar;15/07/1984;Asuncion;Paraguay;
BARROW;BARROW Musa;14/11/1998;Banjul;Gambia;https://img.a.transfermarkt.technology/portrait/header/486624-1596540455.jpg?lm=1
BARTOLOMEI;BARTOLOMEI Paolo;22/08/1989;Lucca;Italia;
BASCHIROTTO;BASCHIROTTO Federico;20/09/1996;Isola della Scala;Italia;https://img.a.transfermarkt.technology/portrait/header/351955-1657630979.jpg?lm=1
BASELLI;BASELLI Daniele;12/03/1992;Manerbio;Italia;
BASIC;BASIC Toma;25/11/1996;Zagabria;Croazia;https://img.a.transfermarkt.technology/portrait/header/334835-1630500128.jpg?lm=1
BASTONI;BASTONI Alessandro;13/04/1999;Casalmaggiore;Italia;https://img.a.transfermarkt.technology/portrait/header/315853-1630304611.jpg?lm=1
BASTONI S.;BASTONI Simone;05/11/1996;La Spezia;Italia;https://img.a.transfermarkt.technology/portrait/header/257751-1602505601.jpg?lm=1
BASTOS;BASTOS;27/03/1991;Luanda;Angola;
BAYEYE;BAYEYE Brian;30/06/2000;Parigi;Francia;https://img.a.transfermarkt.technology/portrait/header/715470-1660115930.jpg?lm=1
BEGOVIC;BEGOVIC Asmir;20/06/1987;Trebigne;Bosnia;
BELEC;BELEC Vid;06/06/1990;Maribor;Slovenia;
BELOTTI;BELOTTI Andrea;20/12/1993;Calcinate;Italia;https://img.a.transfermarkt.technology/portrait/header/167727-1596180996.jpg?lm=1
BENALI;BENALI Ahmad;07/02/1992;Manchester;Libia;
BENASSI;BENASSI Marco;08/09/1994;Modena;Italia;
BENNACER;BENNACER Ismael;01/12/1997;Arles;Algeria;https://img.a.transfermarkt.technology/portrait/header/351816-1594276829.jpg?lm=1
BENTANCUR;BENTANCUR Rodrigo;25/06/1997;Nueva Helvecia;Uruguay;
BENZAR;BENZAR Romario;26/03/1992;Timisoara;Romania;
BERARDI;BERARDI Domenico;01/08/1994;Cariati;Italia;https://img.a.transfermarkt.technology/portrait/header/177843-1596099380.jpg?lm=1
BERARDI A;BERARDI Alessandro;16/01/1991;Roma;Italia;
BERENGUER;BERENGUER Alejandro;04/07/1995;Pamplona;Spagna;
BERESZYNSKI;BERESZYNSKI Bartosz;12/07/1992;Poznan;Polonia;https://img.a.transfermarkt.technology/portrait/header/144143-1661351826.jpg?lm=1
BERISHA E;BERISHA Etrit;10/03/1989;Pristina;Albania;
BERISHA V;BERISHA Valon;07/02/1993;Malmo;Kosovo;
BERNARDESCHI;BERNARDESCHI Federico;16/02/1994;Carrara;Italia;
BERNI;BERNI Tommaso;06/03/1983;Firenze;Italia;
BESSA;BESSA Daniel;14/01/1993;San Paolo;Italia;
BETO;BETO;31/01/1998;Lisbona;Portogallo;https://img.a.transfermarkt.technology/portrait/header/595809-1638540682.jpg?lm=1
BIANDA;BIANDA William;30/04/2000;Suresnes;Francia;
BIGLIA;BIGLIA Lucas;30/01/1986;Mercedes;Argentina;
BINKS;BINKS Luis;02/09/2001;Gillingham;Inghilterra;
BIRAGHI;BIRAGHI Cristiano;01/09/1992;Cernusco sul Naviglio;Italia;https://img.a.transfermarkt.technology/portrait/header/124555-1595933275.jpg?lm=1
BIRASCHI;BIRASCHI Davide;02/07/1994;Roma;Italia;
BIRINDELLI;BIRINDELLI Samuele;19/07/1999;Pisa;Italia;https://img.a.transfermarkt.technology/portrait/header/461019-1613547152.jpg?lm=1
BIRSA;BIRSA Valter;07/08/1986;San Pietro;Slovenia;
BISOLI;BISOLI Dimitri;25/03/1994;Cagliari;Italia;
BLEVE;BLEVE Marco;18/10/1995;San Cesario di Lecce;Italia;
BOATENG;BOATENG Kevin-Prince;06/03/1987;Berlino;Ghana;
BOCCHETTI;BOCCHETTI Salvatore;30/11/1986;Napoli;Italia;
BOER;BOER Pietro;12/05/2002;Mestre;Italia;https://img.a.transfermarkt.technology/portrait/header/581604-1607942623.jpg?lm=1
BOGA;BOGA Jeremie;03/01/1997;Marsiglia;Costa d'Avorio;https://img.a.transfermarkt.technology/portrait/header/216569-1661509174.jpg?lm=1
BONAVENTURA;BONAVENTURA Giacomo;22/08/1989;San Severino Marche;Italia;https://img.a.transfermarkt.technology/portrait/header/57280-1583922211.jpg?lm=1
BONAZZOLI;BONAZZOLI Federico;21/05/1997;Manerbio;Italia;https://img.a.transfermarkt.technology/portrait/header/241527-1595582645.jpg?lm=1
BONDO;BONDO Warren;15/09/2003;Evry;Francia;https://img.a.transfermarkt.technology/portrait/header/659516-1632825972.jpg?lm=1
BONIFAZI;BONIFAZI Kevin;19/05/1996;Toffia;Italia;https://img.a.transfermarkt.technology/portrait/header/247377-1595912547.jpg?lm=1
BONUCCI;BONUCCI Leonardo;01/05/1987;Viterbo;Italia;https://img.a.transfermarkt.technology/portrait/header/39983-1661268218.jpg?lm=1
BORGHETTO;BORGHETTO Nicola;25/11/1999;Jesolo;Italia;
BORINI;BORINI Fabio;29/03/1991;Bentivoglio;Italia;
BORJA VALERO;BORJA VALERO;12/01/1985;Madrid;Spagna;
BOTHEIM;BOTHEIM Erik;10/01/2000;Oslo;Norvegia;https://img.a.transfermarkt.technology/portrait/header/418559-1641212899.png?lm=1
BOUAH;BOUAH Devid;13/08/2001;Roma;Italia;
BOURABIA;BOURABIA Mehdi;07/08/1991;Digione;Marocco;
BOVE;BOVE Edoardo;16/05/2002;Roma;Italia;https://img.a.transfermarkt.technology/portrait/header/562049-1607942853.jpg?lm=1
BRANCOLINI;BRANCOLINI Federico;14/07/2001;Modena;Italia;
BREKALO;BREKALO Josip;23/06/1998;Zagabria;Croazia;
BREMER;BREMER Gleison;18/03/1997;Itapitanga;Brasile;https://img.a.transfermarkt.technology/portrait/header/516716-1661269026.jpg?lm=1
BROZOVIC;BROZOVIC Marcelo;16/11/1992;Zagabria;Croazia;https://img.a.transfermarkt.technology/portrait/header/156617-1661352678.jpg?lm=1
BRUGMAN;BRUGMAN Gaston;07/09/1992;Rosario (URU);Uruguay;
BRUNO ALVES;BRUNO ALVES;27/11/1981;Povoa de Varzim;Portogallo;
BUFFON;BUFFON Gianluigi;28/01/1978;Carrara;Italia;
BUKSA;BUKSA Aleksander;15/01/2003;Cracovia;Polonia;
BUONGIORNO;BUONGIORNO Alessandro;06/06/1999;Torino;Italia;https://img.a.transfermarkt.technology/portrait/header/386446-1598862428.jpg?lm=1
BUSIO;BUSIO Gianluca;28/05/2002;Greensboro;Stati Uniti;
CABRAL;CABRAL Arthur;25/04/1998;Campina Grande;Brasile;https://img.a.transfermarkt.technology/portrait/header/390638-1643722903.jpg?lm=1
CACACE;CACACE Liberato;27/09/2000;Wellington;Nuova Zelanda;https://img.a.transfermarkt.technology/portrait/header/469211-1643724495.jpg?lm=1
CACCIATORE;CACCIATORE Fabrizio;08/10/1986;Torino;Italia;
CACERES;CACERES Martin;07/04/1987;Montevideo;Uruguay;
CAICEDO;CAICEDO Felipe;05/09/1988;Guayaquil;Ecuador;
CALABRIA;CALABRIA Davide;06/12/1996;Brescia;Italia;https://img.a.transfermarkt.technology/portrait/header/262523-1595926678.jpg?lm=1
CALAFIORI;CALAFIORI Riccardo;19/05/2002;Roma;Italia;
CALDARA;CALDARA Mattia;05/05/1994;Bergamo;Italia;https://img.a.transfermarkt.technology/portrait/header/197470-1630656758.jpg?lm=1
CALDERONI;CALDERONI Marco;18/02/1989;Latisana;Italia;
CALDIROLA;CALDIROLA Luca;01/02/1991;Desio;Italia;
CALHANOGLU;CALHANOGLU Hakan;08/02/1994;Mannheim;Turchia;https://img.a.transfermarkt.technology/portrait/header/126414-1596107830.jpg?lm=1
CALLEJON;CALLEJON Jose Maria;11/02/1987;Motril;Spagna;
CAMARA MA.;CAMARA Mady;28/02/1997;Matam;Guinea;https://img.a.transfermarkt.technology/portrait/header/481173-1661924102.jpg?lm=1
CAMBIAGHI;CAMBIAGHI Nicolo;28/12/2000;Monza;Italia;
CAMBIASO;CAMBIASO Andrea;20/02/2000;Genova;Italia;https://img.a.transfermarkt.technology/portrait/header/459658-1630583282.jpg?lm=1
CAN;CAN Emre;12/01/1994;Francoforte sul Meno;Germania;
CANCELLIERI;CANCELLIERI Matteo;12/02/2002;Roma;Italia;https://img.a.transfermarkt.technology/portrait/header/550106-1630660579.jpg?lm=1
CANDREVA;CANDREVA Antonio;28/02/1987;Roma;Italia;https://img.a.transfermarkt.technology/portrait/header/25488-1630591271.jpg?lm=1
CANGIANO;CANGIANO Gianmarco;16/11/2001;Napoli;Italia;
CAPRARI;CAPRARI Gianluca;30/07/1993;Roma;Italia;https://img.a.transfermarkt.technology/portrait/header/146752-1596116430.jpg?lm=1
CAPUTO;CAPUTO Francesco;06/08/1987;Altamura;Italia;https://img.a.transfermarkt.technology/portrait/header/84765-1594717354.jpg?lm=1
CARBONI;CARBONI Andrea;04/02/2001;Sorgono;Italia;https://img.a.transfermarkt.technology/portrait/header/481834-1632215920.jpg?lm=1
CARLES PEREZ;CARLES PEREZ;16/02/1998;Granollers;Spagna;
CARLOS AUGUSTO;CARLOS AUGUSTO;07/01/1999;Campinas;Brasile;https://img.a.transfermarkt.technology/portrait/header/585982-1661515410.jpg?lm=1
CARNESECCHI;CARNESECCHI Marco;01/07/2000;Rimini;Italia;https://img.a.transfermarkt.technology/portrait/header/459763-1598856203.jpg?lm=1
CASALE;CASALE Nicolò;14/02/1998;Negrar;Italia;https://img.a.transfermarkt.technology/portrait/header/389837-1598866713.jpg?lm=1
CASSATA;CASSATA Francesco;16/07/1997;Sarzana;Italia;
CASTAGNE;CASTAGNE Timothy;05/12/1995;Arlon;Belgio;
CASTILLEJO;CASTILLEJO Samu;18/01/1995;Malaga;Spagna;
CASTRO;CASTRO Lucas;09/04/1989;La Plata;Argentina;
CASTROVILLI;CASTROVILLI Gaetano;17/02/1997;Minervino Murge;Italia;https://img.a.transfermarkt.technology/portrait/header/303116-1661511198.jpg?lm=1
CATALDI;CATALDI Danilo;06/08/1994;Roma;Italia;https://img.a.transfermarkt.technology/portrait/header/199733-1661513736.jpg?lm=1
CECCARONI;CECCARONI Pietro;21/12/1995;Sarzana;Italia;
CECCHERINI;CECCHERINI Federico;11/05/1992;Livorno;Italia;https://img.a.transfermarkt.technology/portrait/header/163639-1595916252.jpg?lm=1
CEESAY;CEESAY Assan;17/03/1994;Banjul;Gambia;https://img.a.transfermarkt.technology/portrait/header/388382-1647955223.jpg?lm=1
CEIDE;CEIDE Emil;03/09/2001;Finnsnes;Norvegia;https://img.a.transfermarkt.technology/portrait/header/508371-1642493733.jpg?lm=1
CELIK;CELIK Zeki;17/02/1997;Bursa;Turchia;https://img.a.transfermarkt.technology/portrait/header/251075-1641464889.jpg?lm=1
CEPPITELLI;CEPPITELLI Luca;11/08/1989;Castiglione del Lago;Italia;
CEROFOLINI;CEROFOLINI Michele;04/01/1999;Arezzo;Italia;
CERRI;CERRI Alberto;16/04/1996;Parma;Italia;
CETIN;CETIN Mert;01/01/1997;Cankaya;Turchia;
CHABOT;CHABOT Julian;12/02/1998;Hanau;Germania;
CHANCELLOR;CHANCELLOR Jhon;02/01/1992;Puerto Ordaz;Venezuela;
CHIELLINI;CHIELLINI Giorgio;14/08/1984;Pisa;Italia;
CHIESA;CHIESA Federico;25/10/1997;Genova;Italia;https://img.a.transfermarkt.technology/portrait/header/341092-1596098386.jpg?lm=1
CHIRICHES;CHIRICHES Vlad;14/11/1989;Bacau;Romania;https://img.a.transfermarkt.technology/portrait/header/123261-1657519923.jpg?lm=1
CICIRETTI;CICIRETTI Amato;31/12/1993;Roma;Italia;
CIERVO;CIERVO Riccardo;01/04/2002;Latina;Italia;
CIGARINI;CIGARINI LUCA;20/06/1986;Montecchio Emilia;Italia;
CIONEK;CIONEK Thiago;21/04/1986;Curitiba;Polonia;
CIPRIANO;CIPRIANO Gustavo;26/02/2001;San Paolo;Brasile;
CISTANA;CISTANA Andrea;01/04/1997;Brescia;Italia;
COLLEY;COLLEY Omar;24/10/1992;Banjul;Gambia;https://img.a.transfermarkt.technology/portrait/header/174733-1595859915.jpg?lm=1
COLLEY E.;COLLEY Ebrima;01/02/2000;Serekunda;Gambia;
COLOMBI;COLOMBI Simone;01/07/1991;Seriate;Italia;
COLOMBO;COLOMBO Lorenzo;08/03/2002;Vimercate;Italia;https://img.a.transfermarkt.technology/portrait/header/487843-1599727523.jpg?lm=1
CONSIGLI;CONSIGLI Andrea;27/01/1987;Milano;Italia;https://img.a.transfermarkt.technology/portrait/header/35865-1595849608.jpg?lm=1
CONTI;CONTI Andrea;02/03/1994;Lecco;Italia;https://img.a.transfermarkt.technology/portrait/header/111227-1661351199.jpg?lm=1
CONTINI;CONTINI Nikita;21/05/1996;Cherkasy;Italia;
COPPOLA D.;COPPOLA Diego;28/12/2003;Verona;Italia;https://img.a.transfermarkt.technology/portrait/header/660860-1639064705.jpg?lm=1
CORBO;CORBO Gabriele;11/01/2000;Napoli;Italia;
CORDAZ;CORDAZ Alex;01/01/1983;Vittorio Veneto;Italia;
CORNELIUS;CORNELIUS Andreas;16/03/1993;Copenaghen;Danimarca;
CORREA;CORREA Joaquin;13/08/1994;Juan Bautista Alberdi;Argentina;https://img.a.transfermarkt.technology/portrait/header/227081-1594716192.jpg?lm=1
COULIBALY L.;COULIBALY Lassana;10/04/1996;Bamako;Mali;https://img.a.transfermarkt.technology/portrait/header/386552-1630590210.jpg?lm=1
COULIBALY M.;COULIBALY Mamadou;02/03/1999;Thies;Senegal;
CRAGNO;CRAGNO Alessio;28/06/1994;Compiobbi;Italia;https://img.a.transfermarkt.technology/portrait/header/12907-1595927456.jpg?lm=1
CRESCENZI;CRESCENZI Alessandro;25/09/1991;Marino;Italia;
CRISCITO;CRISCITO Domenico;30/12/1986;Cercola;Italia;
CRISTANTE;CRISTANTE Bryan;03/03/1995;San Vito al Tagliamento;Italia;https://img.a.transfermarkt.technology/portrait/header/199248-1596002965.jpg?lm=1
CRISTOFORO;CRISTOFORO Sebastiano;23/08/1993;Montevideo;Uruguay;
CRNIGOJ;CRNIGOJ Domen;18/11/1995;Koper;Slovenia;
CUADRADO;CUADRADO Juan;26/05/1988;Necocli;Colombia;https://img.a.transfermarkt.technology/portrait/header/91970-1596099724.jpg?lm=1
CUISANCE;CUISANCE Mickael;16/08/1999;Strasburgo;Francia;
CURCIO;CURCIO Felipe;06/08/1993;Jundiai;Brasile;
CUTRONE;CUTRONE Patrick;03/01/1998;Como;Italia;
CYPRIEN;CYPRIEN Wylan;28/01/1995;Les Abymes;Francia;
CZYBORRA;CZYBORRA Lennart;03/05/1999;Berlino;Germania;
DA COSTA;DA COSTA Angelo;12/11/1983;Sao Bernardo do Campo;Brasile;
DABO;DABO Bryan;18/02/1992;Marsiglia;Burkina Faso;
DALBERT;DALBERT;08/09/1993;Barra Mansa;Brasile;
D'ALESSANDRO;D'ALESSANDRO Marco;17/02/1991;Roma;Italia;
DALOT;DALOT Diogo;18/03/1999;Braga;Portogallo;
D'AMBROSIO;D'AMBROSIO Danilo;09/09/1988;Napoli;Italia;
DAMSGAARD;DAMSGAARD Mikkel;03/07/2000;Jyllinge;Danimarca;
DANILO;DANILO;15/07/1991;Bicas;Brasile;https://img.a.transfermarkt.technology/portrait/header/145707-1595925040.jpg?lm=1
DANILO LAR.;DANILO Larangeira;10/05/1984;Sao Bernardo do Campo;Brasile;
DANZI;DANZI Andrea;25/02/1999;San Martino Buon Albergo;Italia;
DARBOE;DARBOE Ebrima;06/06/2001;Bakoteh;Gambia;
DARMIAN;DARMIAN Matteo;02/12/1989;Legnano;Italia;https://img.a.transfermarkt.technology/portrait/header/54906-1604409712.jpg?lm=1
DAWIDOWICZ;DAWIDOWICZ Pawel;20/05/1995;Olsztyn;Polonia;https://img.a.transfermarkt.technology/portrait/header/248732-1595919460.jpg?lm=1
DE ANGELIS;DE ANGELIS Nicolo;31/03/2000;Roma;Italia;
DE KETELAERE;DE KETELAERE Charles;10/03/2001;Bruges;Belgio;https://img.a.transfermarkt.technology/portrait/header/435772-1659601388.jpg?lm=1
DE LIGT;DE LIGT Matthjis;12/08/1999;Leiderdorp;Olanda;
DE MAIO;DE MAIO Sebastien;05/03/1987;Saint-Denis;Francia;
DE PAUL;DE PAUL Rodrigo;24/05/1994;Sarandi;Argentina;
DE ROON;DE ROON Marteen;29/03/1991;Zwijndrecht;Olanda;https://img.a.transfermarkt.technology/portrait/header/133179-1594708388.jpg?lm=1
DE SCIGLIO;DE SCIGLIO Mattia;20/10/1992;Milano;Italia;https://img.a.transfermarkt.technology/portrait/header/88682-1595926180.jpg?lm=1
DE SILVESTRI;DE SILVESTRI Lorenzo;23/05/1988;Roma;Italia;https://img.a.transfermarkt.technology/portrait/header/33571-1595929290.jpg?lm=1
DE VRIJ;DE VRIJ Stefan;05/02/1992;Ouderkerk aan den Ijssel;Olanda;https://img.a.transfermarkt.technology/portrait/header/111196-1593165111.jpg?lm=1
DE WINTER;DE WINTER Koni;12/06/2002;Anversa;Belgio;https://img.a.transfermarkt.technology/portrait/header/490384-1661524152.jpg?lm=1
DEFREL;DEFREL Gregoire;17/06/1991;Meudon;Francia;https://img.a.transfermarkt.technology/portrait/header/163222-1596183445.jpg?lm=1
DEIOLA;DEIOLA Alessandro;01/08/1995;San Gavino Monreale;Italia;
DELL'ORCO;DELL'ORCO Cristian;10/02/1994;Sant'Angelo Lodigiano;Italia;
DEMIRAL;DEMIRAL Merih;05/03/1998;Karamursel;Turchia;https://img.a.transfermarkt.technology/portrait/header/340879-1655706148.jpg?lm=1
DEMME;DEMME Diego;21/11/1991;Herford;Germania;https://img.a.transfermarkt.technology/portrait/header/82070-1661511485.jpg?lm=1
DENSWIL;DENSWIL Stefano;07/05/1993;Zaandam;Olanda;
DEPAOLI;DEPAOLI Fabio;24/04/1997;Riva del Garda;Italia;
DERMAKU;DERMAKU Kastriot;15/01/1992;Scandiano;Albania;
DESSENA;DESSENA Daniele;10/05/1987;Parma;Italia;
DESSERS;DESSERS Cyriel;08/12/1994;Tongeren;Nigeria;https://img.a.transfermarkt.technology/portrait/header/317806-1605540242.jpg?lm=1
DEST;DEST Sergino;03/11/2000;Almere;Stati Uniti;https://img.a.transfermarkt.technology/portrait/header/361104-1581956984.jpg?lm=1
DESTRO;DESTRO Mattia;20/03/1991;Ascoli Piceno;Italia;https://img.a.transfermarkt.technology/portrait/header/88683-1608194488.jpg?lm=1
DEULOFEU;DEULOFEU Gerard;13/03/1994;Riudarenes;Spagna;https://img.a.transfermarkt.technology/portrait/header/129476-1630653606.jpg?lm=1
DI CARMINE;DI CARMINE Samuel;29/09/1988;Firenze;Italia;
DI FRANCESCO F.;DI FRANCESCO Federico;14/06/1994;Pisa;Italia;https://img.a.transfermarkt.technology/portrait/big/38607-1466684133.jpg?lm=1
DI GAUDIO;DI GAUDIO Antonio;16/08/1989;Palermo;Italia;
DI LORENZO;DI LORENZO Giovanni;04/08/1993;Castelnuovo di Garfagnana;Italia;https://img.a.transfermarkt.technology/portrait/header/169880-1661509008.jpg?lm=1
DI MARIA;DI MARIA Angel;14/02/1988;Rosario (ARG);Argentina;https://img.a.transfermarkt.technology/portrait/header/45320-1602849270.jpg?lm=1
DIA;DIA Boulaye;16/11/1996;Oyonnax;Senegal;https://img.a.transfermarkt.technology/portrait/header/626913-1602857522.png?lm=1
DIAWARA;DIAWARA Amadou;17/07/1997;Conakry;Guinea;
DIAZ B.;DIAZ Brahim;03/08/1999;Malaga;Spagna;https://img.a.transfermarkt.technology/portrait/header/314678-1632307989.jpg?lm=1
DIJKS;DIJKS Mitchell;09/02/1993;Purmerend;Olanda;
DIMARCO;DIMARCO Federico;10/11/1997;Milano;Italia;https://img.a.transfermarkt.technology/portrait/header/198116-1661511006.jpg?lm=1
DJIDJI;DJIDJI Koffi;30/11/1992;Bagnolet;Costa d'Avorio;https://img.a.transfermarkt.technology/portrait/header/183031-1661351072.jpg?lm=1
DJIMSITI;DJIMSITI Berat;19/02/1993;Zurigo;Albania;https://img.a.transfermarkt.technology/portrait/header/165513-1594708463.jpg?lm=1
DJURICIC;DJURICIC Filip;30/01/1992;Obrenovac;Serbia;https://img.a.transfermarkt.technology/portrait/header/94307-1596031976.jpg?lm=1
DODO';DODO';17/11/1998;Taubaté;Brasile;https://img.a.transfermarkt.technology/portrait/header/401529-1641992490.png?lm=1
DOMINGUEZ;DOMINGUEZ Nicolas;28/06/1998;Buenos Aires;Argentina;https://img.a.transfermarkt.technology/portrait/header/497291-1578042774.jpg?lm=1
DONNARUMMA AL;DONNARUMMA Alfredo;30/11/1990;Torre Annunziata;Italia;
DONNARUMMA AN.;DONNARUMMA Antonio;07/07/1990;Castellammare di Stabia;Italia;
DONNARUMMA G.;DONNARUMMA Gianluigi;25/02/1999;Castellammare di Stabia;Italia;
DOUGLAS COSTA;DOUGLAS COSTA;14/09/1990;Sapucaia do Sul;Brasile;
DRAGOWSKI;DRAGOWSKI Bartlomiej;19/08/1997;Bialystok;Polonia;https://img.a.transfermarkt.technology/portrait/header/208166-1594710596.jpg?lm=1
DRAGUSIN;DRAGUSIN Radu;03/02/2002;Bucarest;Romania;https://img.a.transfermarkt.technology/portrait/header/568559-1607957380.jpg?lm=1
DUARTE;DUARTE Leo;17/07/1996;Mococa;Brasile;
DUMFRIES;DUMFRIES Denzel;18/04/1996;Rotterdam;Olanda;https://img.a.transfermarkt.technology/portrait/header/321528-1613230012.jpg?lm=1
DUNCAN;DUNCAN Alfred;10/03/1993;Accra;Ghana;https://img.a.transfermarkt.technology/portrait/header/184894-1596004444.jpg?lm=1
DURMISI;DURMISI Riza;08/01/1994;Copenaghen;Danimarca;
DYBALA;DYBALA Paulo;15/11/1993;Laguna Larga;Argentina;https://img.a.transfermarkt.technology/portrait/header/206050-1641810495.jpg?lm=1
DZEKO;DZEKO Edin;17/03/1986;Sarajevo;Bosnia;https://img.a.transfermarkt.technology/portrait/header/28396-1661268909.jpg?lm=1
DZEMAILI;DZEMAILI Blerim;12/04/1986;Tetovo;Svizzera;
EBOSELE;EBOSELE Festy;02/08/2002;Enniscorthy;Irlanda;https://img.a.transfermarkt.technology/portrait/header/586756-1642673454.jpg?lm=1
EDERA;EDERA Simone;09/01/1997;Torino;Italia;
EDERSON D.S.;EDERSON José;07/07/1999;Campo Grande;Brasile;https://img.a.transfermarkt.technology/portrait/header/607854-1646648856.jpg?lm=1
EKDAL;EKDAL Albin;28/07/1989;Stoccolma;Svezia;
EL SHAARAWY;EL SHAARAWY Stephan;27/10/1992;Savona;Italia;https://img.a.transfermarkt.technology/portrait/header/94529-1609843947.jpg?lm=1
EL YAMIQ;EL YAMIQ Jawad;29/02/1992;Khouribga;Marocco;
ELMAS;ELMAS Eljif;24/09/1999;Skopje;Macedonia;https://img.a.transfermarkt.technology/portrait/header/400489-1636975856.jpg?lm=1
EMPEREUR;EMPEREUR Alan;10/03/1994;Ipatinga;Brasile;
ERIKSEN;ERIKSEN Christian;14/02/1992;Middelfart;Danimarca;
ERLIC;ERLIC Martin;24/01/1998;Zara;Croazia;https://img.a.transfermarkt.technology/portrait/header/357003-1602506026.jpg?lm=1
ESCALANTE;ESCALANTE Gonzalo;27/03/1993;Bella Vista;Argentina;https://img.a.transfermarkt.technology/portrait/header/266795-1660052209.jpg?lm=1
ESPOSITO;ESPOSITO Sebastiano;02/07/2002;Castellammare di Stabia;Italia;
EYSSERIC;EYSSERIC Valentin;25/03/1992;Aix-en-Provence;Francia;
FAGIOLI;FAGIOLI Nicolo;12/02/2001;Piacenza;Italia;https://img.a.transfermarkt.technology/portrait/header/432090-1652094961.jpg?lm=1
FALCO;FALCO Filippo;11/02/1992;Pulsano;Italia;
FALCONE;FALCONE Wladimiro;12/04/1995;Roma;Italia;https://img.a.transfermarkt.technology/portrait/header/238537-1613734372.jpg?lm=1
FARAGO';FARAGO Paolo;12/02/1993;Catanzaro;Italia;
FARAONI;FARAONI Davide;25/10/1991;Bracciano;Italia;https://img.a.transfermarkt.technology/portrait/header/73926-1594642007.jpg?lm=1
FARES;FARES Mohamed;15/02/1996;Aubervilliers;Algeria;https://img.a.transfermarkt.technology/portrait/header/287700-1630583213.jpg?lm=1
FARIAS;FARIAS Diego;10/05/1990;Sorocaba;Brasile;
FAVILLI;FAVILLI Andrea;17/05/1997;Pisa;Italia;
FAZIO;FAZIO Federico;17/03/1987;Ramos Mejia;Argentina;https://img.a.transfermarkt.technology/portrait/header/45314-1644915146.jpg?lm=1
FELIPE;FELIPE dal Bello;31/07/1984;Guaratingueta;Brasile;
FELIPE ANDERSON;FELIPE ANDERSON;15/04/1993;Santa Maria;Brasile;https://img.a.transfermarkt.technology/portrait/header/159372-1606396538.png?lm=1
FERRARI A.;FERRARI Alex;01/07/1994;Modena;Italia;
FERRARI G.;FERRARI Gian Marco;15/02/1992;Parma;Italia;https://img.a.transfermarkt.technology/portrait/header/277167-1661513630.jpg?lm=1
FERRER;FERRER Salva;21/01/1998;Martorell;Spagna;
FIAMOZZI;FIAMOZZI Riccardo;18/05/1993;Mezzocorona;Italia;
FLOCCARI;FLOCCARI Sergio;12/11/1981;Vibo Valentia;Italia;
FLORENZI;FLORENZI Alessandro;11/03/1991;Roma;Italia;https://img.a.transfermarkt.technology/portrait/header/130365-1595925261.jpg?lm=1
FOFANA;FOFANA Seko;07/05/1995;Parigi;Costa d'Avorio;
FRATTESI;FRATTESI Davide;22/09/1999;Roma;Italia;https://img.a.transfermarkt.technology/portrait/header/394300-1630506324.jpg?lm=1
FRENDRUP;FRENDRUP Morten;07/04/2001;Holbaek;Danimarca;
FREULER;FREULER Remo;15/04/1992;Ennenda;Svizzera;
FUZATO;FUZATO Daniel;04/07/1997;Santa Barbara d'Oeste;Brasile;
GABBIA;GABBIA Matteo;21/10/1999;Busto Arsizio;Italia;
GABBIADINI;GABBIADINI Manolo;26/11/1991;Calcinate;Italia;https://img.a.transfermarkt.technology/portrait/header/112343-1596183300.jpg?lm=1
GABRIEL;GABRIEL;27/09/1992;Unai;Brasile;
GAETANO;GAETANO Gianluca;05/05/2000;Cimitile;Italia;
GAGLIARDINI;GAGLIARDINI Roberto;07/04/1994;Bergamo;Italia;https://img.a.transfermarkt.technology/portrait/header/197471-1641817964.jpg?lm=1
GAGLIOLO;GAGLIOLO Riccardo;28/04/1990;Imperia;Italia;
GALABINOV;GALABINOV Andrej;27/11/1988;Sofia;Bulgaria;
GALLO;GALLO Antonino;05/01/2000;Palermo;Italia;
GASOLINA WESLEY;WESLEY;13/03/2000;Retirolandia;Brasile;
GASTALDELLO;GASTALDELLO Daniele;25/06/1983;Camposampiero;Italia;
GENDREY;GENDREY Valentin;21/06/2000;La Garenne;Francia;https://img.a.transfermarkt.technology/portrait/header/569387-1633102165.jpg?lm=1
GERVINHO;GERVINHO;27/05/1987;Anyama;Costa d'Avorio;
GHEZZAL;GHEZZAL Rachid;09/05/1992;Decines-Charpieu;Algeria;
GHIGLIONE;GHIGLIONE Paolo;02/02/1997;Voghera;Italia;https://img.a.transfermarkt.technology/portrait/header/313477-1595928086.jpg?lm=1
GHOULAM;GHOULAM Faouzi;01/02/1991;Saint-Priest-en-Jarez;Algeria;
GILA;GILA Mario;29/08/2000;Barcellona;Spagna;https://img.a.transfermarkt.technology/portrait/header/618341-1655977939.jpg?lm=1
GIROUD;GIROUD Olivier;30/09/1986;Chambery;Francia;https://img.a.transfermarkt.technology/portrait/header/82442-1661514565.jpg?lm=1
GLIK;GLIK Kamil;03/02/1988;Jastrzebie-Zdroj;Polonia;
GODIN;GODIN Diego;16/02/1986;Rosario (URU);Uruguay;
GOLDANIGA;GOLDANIGA Edoardo;02/11/1993;Milano;Italia;
GOLLINI;GOLLINI Pierluigi;18/03/1995;Bologna;Italia;https://img.a.transfermarkt.technology/portrait/header/244192-1609842497.jpg?lm=1
GOMEZ;GOMEZ Alejandro;15/02/1988;Buenos Aires;Argentina;
GONZALEZ N.;GONZALEZ Nicolas;06/04/1998;Belen de Escobar;Argentina;https://img.a.transfermarkt.technology/portrait/header/486031-1599992703.jpg?lm=1
GOSENS;GOSENS Robin;05/07/1994;Emmerich am Rhein;Germania;https://img.a.transfermarkt.technology/portrait/header/273132-1616511080.jpg?lm=1
GRASSI;GRASSI Alberto;07/03/1995;Lumezzane;Italia;
GUERRIERI;GUERRIERI Guido;25/02/1996;Roma;Italia;
GUMUS;GUMUS Sinan;15/01/1994;Pfullendorf;Germania;
GUNTER;GUNTER Koray;16/08/1994;Hoxter;Germania;https://img.a.transfermarkt.technology/portrait/header/115763-1630660811.jpg?lm=1
GYASI;GYASI Emmanuel;11/01/1994;Palermo;Ghana;https://img.a.transfermarkt.technology/portrait/header/241076-1602506321.jpg?lm=1
GYOMBER;GYOMBER Norbert;03/07/1992;Banska Bystrica;Slovacchia;https://img.a.transfermarkt.technology/portrait/header/205054-1628669768.jpg?lm=1
HAAS;HAAS Nicolas;23/01/1996;Sursee;Svizzera;https://img.a.transfermarkt.technology/portrait/header/192638-1598856648.jpg?lm=1
HAKIMI;HAKIMI Achraf;04/11/1998;Madrid;Marocco;
HAN;HAN Kwang-Song;21/07/1998;Pyongyang;Corea del Nord;
HANDANOVIC;HANDANOVIC Samir;14/07/1984;Lubiana;Slovenia;https://img.a.transfermarkt.technology/portrait/header/28021-1595849038.jpg?lm=1
HAPS;HAPS Ridgeciano;12/06/1993;Utrecht;Suriname;https://img.a.transfermarkt.technology/portrait/header/228444-1630656845.jpg?lm=1
HARASLIN;HARASLIN Lukas;26/05/1996;Bratislava;Slovacchia;
HATEBOER;HATEBOER Hans;09/01/1994;Beerta;Olanda;https://img.a.transfermarkt.technology/portrait/header/275303-1661509184.jpg?lm=1
HAUGE;HAUGE Jens Petter;12/10/1999;Bodo;Norvegia;
HENDERSON L.;HENDERSON Liam;25/04/1996;Livingston;Scozia;https://img.a.transfermarkt.technology/portrait/header/193867-1661523222.jpg?lm=1
HENRY;HENRY Thomas;20/09/1994;Argenteuil;Francia;https://img.a.transfermarkt.technology/portrait/header/412513-1534930944.jpg?lm=1
HERNANDEZ T.;HERNANDEZ Theo;06/10/1997;Marsiglia;Francia;https://img.a.transfermarkt.technology/portrait/header/339808-1595938750.jpg?lm=1
HERNANI;HERNANI;27/03/1994;Sao Goncalo do Sapucai;Brasile;
HEYMANS;HEYMANS Daan;15/06/1999;Retie;Belgio;
HICKEY;HICKEY Aaron;10/06/2002;Glasgow;Scozia;
HIGUAIN;HIGUAIN Gonzalo;10/12/1987;Brest;Argentina;
HJULMAND;HJULMAND Morten;25/06/1999;Kastrup;Danimarca;https://img.a.transfermarkt.technology/portrait/header/461496-1652094525.jpg?lm=1
HOEDT;HOEDT Wesley;06/03/1994;Alkmaar;Olanda;
HOJLUND;HOJLUND Rasmus;04/02/2003;;Danimarca;https://img.a.transfermarkt.technology/portrait/header/610442-1643127028.jpg?lm=1
HONGLA;HONGLA Martin;16/03/1998;Yaounde;Camerun;https://img.a.transfermarkt.technology/portrait/header/398808-1608909096.jpg?lm=1
HRISTOV;HRISTOV Petko;01/03/1999;Sofia;Bulgaria;https://img.a.transfermarkt.technology/portrait/header/372809-1625041214.jpg?lm=1
HYSAJ;HYSAJ Elseid;02/02/1994;Rec;Albania;https://img.a.transfermarkt.technology/portrait/header/200056-1661350737.jpg?lm=1
IACOPONI;IACOPONI Simone;30/04/1987;Pontedera;Italia;
IAGO FALQUE;IAGO FALQUE;04/01/1990;Vigo;Spagna;
IBANEZ;IBANEZ Roger;23/11/1998;Canela;Brasile;https://img.a.transfermarkt.technology/portrait/header/524481-1611585241.jpg?lm=1
IBRAHIMOVIC;IBRAHIMOVIC Zlatan;03/10/1981;Malmo;Svezia;https://img.a.transfermarkt.technology/portrait/header/3455-1579506060.jpg?lm=1
IGOR;IGOR;07/02/1998;Bom Sucesso;Brasile;https://img.a.transfermarkt.technology/portrait/header/380350-1535373935.jpg?lm=1
IHATTAREN;IHATTAREN Mohamed;12/02/2002;Utrecht;Olanda;
IKONE';IKONE' Jonathan;02/05/1998;Bondy;Francia;https://img.a.transfermarkt.technology/portrait/header/324690-1582554839.jpg?lm=1
ILIC;ILIC Ivan;17/03/2001;Nis;Serbia;https://img.a.transfermarkt.technology/portrait/header/470794-1630661248.jpg?lm=1
ILICIC;ILICIC Josip;29/01/1988;Prijedor;Slovenia;https://img.a.transfermarkt.technology/portrait/header/80351-1594708564.jpg?lm=1
ILKHAN;ILKHAN Emirhan;01/06/2004;Istanbul;Turchia;https://img.a.transfermarkt.technology/portrait/header/743091-1644156978.png?lm=1
IMBULA;IMBULA Giannelli;12/09/1992;Vilvoorde;Belgio;
IMMOBILE;IMMOBILE Ciro;20/02/1990;Torre Annunziata;Italia;https://img.a.transfermarkt.technology/portrait/header/105521-1594715918.jpg?lm=1
INGLESE;INGLESE Roberto;12/11/1991;Lucera;Italia;
INSIGNE;INSIGNE Lorenzo;04/06/1991;Frattamaggiore;Italia;
INSIGNE R.;INSIGNE Roberto;11/05/1994;Napoli;Italia;
IONITA;IONITA Artur;17/08/1990;Chisinau;Moldavia;
ISMAJLI;ISMAJLI Ardian;30/09/1996;Majac;Albania;https://img.a.transfermarkt.technology/portrait/header/435228-1634292904.jpg?lm=1
IZZO;IZZO Armando;02/03/1992;Napoli;Italia;https://img.a.transfermarkt.technology/portrait/header/32113-1595857488.jpg?lm=1
JAGIELLO;JAGIELLO Filip;08/08/1997;Lubin;Polonia;
JAJALO;JAJALO Mato;25/05/1988;Jajce;Bosnia;
JANDREI;JANDREI;01/03/1993;Itaqui;Brasile;
JANKOVIC;JANKOVIC Marko;09/07/1995;Cetinje;Montenegro;
JANKTO;JANKTO Jakub;19/01/1996;Praga;Repubblica Ceca;
JOAO PEDRO;JOAO PEDRO;09/03/1992;Ipatinga;Brasile;
JONY;JONY;09/07/1991;Cangas del Narcea;Spagna;
JORGE SILVA;JORGE SILVA;04/02/1999;Porto;Portogallo;
JORONEN;JORONEN Jesse;21/03/1993;Rautjarvi;Finlandia;
JOVIC;JOVIC Luka;23/12/1997;Bijeljina;Serbia;https://img.a.transfermarkt.technology/portrait/header/257462-1657519856.jpg?lm=1
JUAN JESUS;JUAN JESUS;10/06/1991;Belo Horizonte;Brasile;https://img.a.transfermarkt.technology/portrait/header/121985-1630496408.jpg?lm=1
JUWARA;JUWARA Musa;26/12/2001;Banjul;Gambia;
KAIO JORGE;KAIO JORGE;24/01/2002;Olinda;Brasile;https://img.a.transfermarkt.technology/portrait/header/620477-1634195648.jpg?lm=1
KALINIC;KALINIC Nikola;05/01/1988;Salona;Croazia;
KALLON;KALLON Yayah;30/06/2001;Kono;Sierra Leone;
KALULU;KALULU Pierre;05/06/2000;Lione;Francia;https://img.a.transfermarkt.technology/portrait/header/585949-1599727810.jpg?lm=1
KARAMOH;KARAMOH Yann;08/07/1998;Abidjan;Francia;
KARNEZIS;KARNEZIS Orestis;11/07/1985;Atene;Grecia;
KARSDORP;KARSDORP Rick;11/02/1995;Schoonhoven;Olanda;https://img.a.transfermarkt.technology/portrait/header/205006-1630497867.jpg?lm=1
KASIUS;KASIUS Denso;06/10/2002;Delft;Olanda;https://img.a.transfermarkt.technology/portrait/header/577394-1642246607.jpg?lm=1
KEAN;KEAN Moise;28/02/2000;Vercelli;Italia;https://img.a.transfermarkt.technology/portrait/header/364135-1545231665.jpg?lm=1
KEITA B.;KEITA Balde;08/03/1995;Arbucies;Senegal;
KESSIE';KESSIE Franck;19/12/1996;Ouragahio;Costa d'Avorio;
KHEDIRA;KHEDIRA Sami;04/04/1987;Stoccarda;Germania;
KIM;KIM Min-Jae;15/11/1996;Tongyeong;Corea del Sud;https://img.a.transfermarkt.technology/portrait/header/503482-1658918385.jpg?lm=1
KIWIOR;KIWIOR Jakub;15/02/2000;Tychy;Polonia;https://img.a.transfermarkt.technology/portrait/header/425918-1661515346.jpg?lm=1
KJAER;KJAER Simon;26/03/1989;Horsens;Danimarca;https://img.a.transfermarkt.technology/portrait/header/48859-1661514194.jpg?lm=1
KLAVAN;KLAVAN Ragnar;30/10/1985;Viljandi;Estonia;
KLUIVERT;KLUIVERT Justin;05/05/1999;Zaandam;Olanda;
KOKORIN;KOKORIN Aleksandr;19/03/1991;Mosca;Russia;
KOLAROV;KOLAROV Aleksandr;10/11/1985;Zemun;Serbia;
KOOPMEINERS;KOOPMEINERS Teun;28/02/1998;Castricum;Olanda;https://img.a.transfermarkt.technology/portrait/header/360518-1645797398.jpg?lm=1
KOSTIC;KOSTIC Filip;01/11/1992;Kragujevac;Serbia;https://img.a.transfermarkt.technology/portrait/header/161011-1599992051.jpg?lm=1
KOUAME';KOUAME Christian;06/12/1997;Abidjan;Costa d'Avorio;
KOULIBALY;KOULIBALY Kalidou;20/06/1991;Saint-Die-des-Vosges;Senegal;
KOVALENKO;KOVALENKO Viktor;14/02/1996;Cherson;Ucraina;https://img.a.transfermarkt.technology/portrait/header/203842-1637571103.jpg?lm=1
KREJCI;KREJCI Ladislav;05/07/1992;Praga;Repubblica Ceca;
KRUNIC;KRUNIC Rade;07/10/1993;Foca;Bosnia;https://img.a.transfermarkt.technology/portrait/header/259953-1661350943.jpg?lm=1
KUCKA;KUCKA Juraj;26/02/1987;Bojnice;Slovacchia;
KULUSEVSKI;KULUSEVSKI Dejan;25/04/2000;Stoccolma;Svezia;
KUMBULLA;KUMBULLA Marash;08/02/2000;Peschiera del Garda;Albania;https://img.a.transfermarkt.technology/portrait/header/371371-1630498430.jpg?lm=1
KURTIC;KURTIC Jasmin;10/01/1989;Crnomelj;Slovenia;
KVARATSKHELIA;KVARATSKHELIA Khvicha;12/02/2001;Tbilisi;Georgia;https://img.a.transfermarkt.technology/portrait/header/502670-1649399849.png?lm=1
KYRIAKOPOULOS;KYRIAKOUPOULOS Giorgos;05/02/1996;Patrasso;Grecia;https://img.a.transfermarkt.technology/portrait/header/311178-1646989612.jpg?lm=1
LA MANTIA;LA MANTIA Andrea;06/05/1991;Marino;Italia;
LAMMERS;LAMMERS Sam;30/04/1997;Tilburg;Olanda;https://img.a.transfermarkt.technology/portrait/header/386914-1600761420.jpg?lm=1
LAPADULA;LAPADULA Gianluca;07/02/1990;Torino;Italia;
LASAGNA;LASAGNA Kevin;10/08/1992;San Benedetto Po;Italia;https://img.a.transfermarkt.technology/portrait/header/131951-1596185461.jpg?lm=1
LAURIENTE';LAURENTIE' Armand;04/12/1998;Gonesse;Francia;https://img.a.transfermarkt.technology/portrait/header/579930-1601321640.jpg?lm=1
LAURINI;LAURINI Vincent;10/06/1989;Thionville;Francia;
LAXALT;LAXALT Diego;07/02/1993;Montevideo;Uruguay;
LAZARO;LAZARO Valentino;24/03/1996;Graz;Austria;https://img.a.transfermarkt.technology/portrait/header/186368-1659601305.jpg?lm=1
LAZETIC;LAZETIC Marko;22/01/2004;Belgrado;Serbia;https://img.a.transfermarkt.technology/portrait/header/698548-1631116258.jpeg?lm=1
LAZOVIC;LAZOVIC Darko;15/09/1990;Cacak;Serbia;https://img.a.transfermarkt.technology/portrait/header/70411-1596025680.jpg?lm=1
LAZZARI;LAZZARI Manuel;29/11/1993;Valdagno;Italia;https://img.a.transfermarkt.technology/portrait/header/331401-1594715706.jpg?lm=1
LERAGER;LERAGER Lukas;12/07/1993;Gladsaxe;Danimarca;
LERIS;LERIS Mehdi;23/05/1998;Mont-de-Marsan;Francia;https://img.a.transfermarkt.technology/portrait/header/348601-1661523919.jpg?lm=1
LETICA;LETICA Karlo;11/02/1997;Spalato;Croazia;
LETIZIA;LETIZIA Gaetano;29/06/1990;Napoli;Italia;
LEZZERINI;LEZZERINI Luca;24/03/1995;Roma;Italia;
LINETTY;LINETTY Karol;02/02/1995;Znin;Polonia;https://img.a.transfermarkt.technology/portrait/header/225873-1596005665.jpg?lm=1
LIROLA;LIROLA Pol;13/08/1997;Mollet del Valles;Spagna;
LLORENTE;LLORENTE Fernando;26/02/1985;Pamplona;Spagna;
LO FASO;LO FASO Simone;18/02/1998;Palermo;Italia;
LOBOTKA;LOBOTKA Stanislav;25/11/1994;Trencin;Slovacchia;https://img.a.transfermarkt.technology/portrait/header/192735-1661509021.jpg?lm=1
LOCATELLI;LOCATELLI Manuel;08/01/1998;Lecco;Italia;https://img.a.transfermarkt.technology/portrait/header/265088-1630490000.jpg?lm=1
LOCHOSHVILI;LOCHOSHVILI Luka;29/05/1998;Tbilisi;Georgia;https://img.a.transfermarkt.technology/portrait/header/345189-1661533781.png?lm=1
LOOKMAN;LOOKMAN Ademola;20/10/1997;Wandsworth;Inghilterra;https://img.a.transfermarkt.technology/portrait/header/406040-1659682867.jpg?lm=1
LOPEZ M.;MAXIME LOPEZ;04/12/1997;Marsiglia;Francia;https://img.a.transfermarkt.technology/portrait/header/290862-1601919299.jpg?lm=1
LOVATO;LOVATO Matteo;14/02/2000;Monselice;Italia;https://img.a.transfermarkt.technology/portrait/header/459655-1608218015.jpg?lm=1
LOVRIC;LOVRIC Sandi;28/03/1998;Lienz;Slovenia;https://img.a.transfermarkt.technology/portrait/header/268429-1661523265.jpg?lm=1
LOZANO;LOZANO Hirving;30/07/1995;Citta del Messico;Messico;https://img.a.transfermarkt.technology/portrait/header/316889-1661508585.jpg?lm=1
LUCAS FELIPPE;FELIPPE Lucas;03/05/2000;San Paolo;Brasile;
LUCAS LEIVA;LEIVA Lucas;09/01/1987;Dourados;Brasile;
LUCIONI;LUCIONI Fabio;25/09/1987;Terni;Italia;
LUCUMI';LUCUMI' Jhon;26/06/1998;Cali;Colombia;https://img.a.transfermarkt.technology/portrait/header/413565-1614282297.jpg?lm=1
LUIS ALBERTO;LUIS ALBERTO;28/09/1992;San Jose del Valle;Spagna;https://img.a.transfermarkt.technology/portrait/header/128220-1594715012.jpg?lm=1
LUIS MAXIMIANO;MAXIMIANO Luis;05/01/1999;Braga;Portogallo;https://img.a.transfermarkt.technology/portrait/header/367464-1653038665.jpg?lm=1
LUIZ FELIPE;FELIPE Luiz;22/03/1997;Colina;Brasile;
LUKAKU;LUKAKU Romelu;13/05/1993;Anversa;Belgio;https://img.a.transfermarkt.technology/portrait/header/96341-1596033546.jpg?lm=1
LUKAKU J.;LUKAKU Jordan;25/07/1994;Anversa;Belgio;
LUKIC;LUKIC Sasa;13/08/1996;Sabac;Serbia;https://img.a.transfermarkt.technology/portrait/header/245056-1596015377.jpg?lm=1
LULIC;LULIC Senad;18/01/1986;Mostar;Bosnia;
LUPERTO;LUPERTO Sebastiano;06/09/1996;Lecce;Italia;https://img.a.transfermarkt.technology/portrait/header/278531-1634293876.jpg?lm=1
LYANCO;LYANCO;01/02/1997;Vitoria;Brasile;
LYKOGIANNIS;LYKOGIANNIS Charalampos;22/10/1993;Pireo;Grecia;
MAEHLE;MAEHLE Joakim;20/05/1997;Ostervra;Danimarca;https://img.a.transfermarkt.technology/portrait/header/369674-1609843283.jpg?lm=1
MAENPAA;MAENPAA Niki;23/01/1985;Espoo;Finlandia;
MAGALLAN;MAGALLAN Lisandro;27/09/1993;La Plata;Argentina;
MAGGIORE;MAGGIORE Giulio;12/03/1998;La Spezia;Italia;https://img.a.transfermarkt.technology/portrait/header/353796-1661164518.jpg?lm=1
MAGNANELLI;MAGNANELLI Francesco;12/11/1984;Umbertide;Italia;
MAGNANI;MAGNANI Giangiacomo;04/10/1995;Correggio;Italia;https://img.a.transfermarkt.technology/portrait/header/310458-1630660856.jpg?lm=1
MAIGNAN;MAIGNAN Mike;03/07/1995;Cayenne;Francia;https://img.a.transfermarkt.technology/portrait/header/182906-1598303138.jpg?lm=1
MAITLAND-NILES;MAITLAND-NILES Ainsley;29/08/1997;Londra;Inghilterra;
MAJER;MAJER Zan;25/07/1992;Marburgo;Slovenia;
MAKENGO;MAKENGO Jean-Victor;12/06/1998;Etampes;Francia;https://img.a.transfermarkt.technology/portrait/header/322305-1595967921.jpg?lm=1
MAKSIMOVIC;MAKSIMOVIC Nikola;25/11/1991;Bajina Basta;Serbia;
MALCUIT;MALCUIT Kevin;31/07/1991;Chatenay-Malabry;Francia;
MALDINI;MALDINI Daniel;11/10/2001;Milano;Italia;https://img.a.transfermarkt.technology/portrait/header/539134-1599123796.jpg?lm=1
MALEH;MALEH Youssef;22/08/1998;Castel San Pietro Terme;Italia;https://img.a.transfermarkt.technology/portrait/header/324377-1613568652.jpg?lm=1
MALINOVSKYI;MALINOVSKYI Ruslan;04/05/1993;Zytomyr;Ucraina;https://img.a.transfermarkt.technology/portrait/header/207877-1594708315.jpg?lm=1
MAN;MAN Dennis;26/08/1998;Vladimirescu;Romania;
MANCINI;MANCINI Gianluca;17/04/1996;Pontedera;Italia;https://img.a.transfermarkt.technology/portrait/header/256448-1630498373.jpg?lm=1
MANCOSU;MANCOSU Marco;22/08/1988;Cagliari;Italia;
MANCUSO;MANCUSO Leonardo;26/05/1992;Milano;Italia;
MANDRAGORA;MANDRAGORA Rolando;29/06/1997;Napoli;Italia;https://img.a.transfermarkt.technology/portrait/header/308279-1596005162.jpg?lm=1
MANDZUKIC;MANDZUKIC Mario;21/05/1986;Slavonski Brod;Croazia;
MANGRAVITI;MANGRAVITI Massimiliano;24/01/1998;Brescia;Italia;
MANOLAS;MANOLAS Kostas;14/06/1991;Nasso;Grecia;
MARCHETTI;MARCHETTI Federico;07/02/1983;Bassano del Grappa;Italia;
MARCHIZZA;MARCHIZZA Riccardo;26/03/1998;Roma;Italia;https://img.a.transfermarkt.technology/portrait/header/297645-1602506429.jpg?lm=1
MARCOS ANTONIO;MARCOS ANTONIO;13/06/2000;Pocoes;Brasile;https://img.a.transfermarkt.technology/portrait/header/468301-1641992690.png?lm=1
MARI';MARI' Pablo;31/08/1993;Valencia;Spagna;https://img.a.transfermarkt.technology/portrait/header/210178-1642671456.jpg?lm=1
MARIN;MARIN Razvan;23/05/1996;Bucarest;Romania;https://img.a.transfermarkt.technology/portrait/header/295183-1630510806.jpg?lm=1
MARIO RUI;MARIO RUI;27/05/1991;Sines;Portogallo;https://img.a.transfermarkt.technology/portrait/header/87884-1661351255.jpg?lm=1
MARLON;MARLON;07/09/1995;Duque de Caxias;Brasile;https://img.a.transfermarkt.technology/portrait/header/273236-1627167047.png?lm=1
MARONI;MARONI Gonzalo;18/03/1999;Cordoba;Argentina;
MARTELLA;MARTELLA Bruno;14/08/1992;Atri;Italia;
MARTINEZ L.;MARTINEZ Lautaro;22/08/1997;Bahia Blanca;Argentina;https://img.a.transfermarkt.technology/portrait/header/406625-1661352429.jpg?lm=1
MARTINEZ QUARTA;MARTINEZ QUARTA;10/05/1996;Mar del Plata;Argentina;https://img.a.transfermarkt.technology/portrait/header/373373-1601885238.jpg?lm=1
MARUSIC;MARUSIC Adam;17/10/1992;Belgrado;Montenegro;https://img.a.transfermarkt.technology/portrait/header/239802-1595927246.jpg?lm=1
MASIELLO;MASIELLO Andrea;05/02/1986;Viareggio;Italia;
MASINA;MASINA Adam;02/01/1994;Khouribga;Italia;https://img.a.transfermarkt.technology/portrait/header/286949-1658130450.jpg?lm=1
MATEJU;MATEJU Ales;03/06/1996;Pribram;Repubblica Ceca;
MATHEUS HENRIQUE;MATHEUS HENRIQUE;19/12/1997;San Paolo;Brasile;https://img.a.transfermarkt.technology/portrait/header/552549-1644913442.jpg?lm=1
MATIC;MATIC Nemanja;01/08/1988;Sabac;Serbia;https://img.a.transfermarkt.technology/portrait/header/74683-1655212906.jpg?lm=1
MATRI;MATRI Alessandro;19/08/1984;Sant'Angelo Lodigiano;Italia;
MATTIELLO;MATTIELLO Federico;14/07/1995;Barga;Italia;
MATUIDI;MATUIDI Blaise;09/04/1987;Tolosa;Francia;
MAYORAL;MAYORAL Borja;05/04/1997;Parla;Spagna;
MAZZITELLI;MAZZITELLI Luca;15/11/1995;Roma;Italia;
MAZZOCCHI;MAZZOCCHI Pasquale;27/07/1995;Napoli;Italia;https://img.a.transfermarkt.technology/portrait/header/250153-1630656880.jpg?lm=1
MBAYE;MBAYE Ibrahima;19/11/1994;Guediawaye;Senegal;
MCKENNIE;MCKENNIE Weston;28/08/1998;Little Elm;Stati Uniti;https://img.a.transfermarkt.technology/portrait/header/332697-1642687384.jpg?lm=1
MECCARIELLO;MECCARIELLO Biagio;27/03/1991;Benevento;Italia;
MEDEL;MEDEL Gary;03/08/1987;Pudahuel;Cile;https://img.a.transfermarkt.technology/portrait/header/60889-1630574292.jpg?lm=1
MEITE';MEITE Soualiho;17/03/1994;Parigi;Francia;
MERET;MERET Alex;22/03/1997;Udine;Italia;https://img.a.transfermarkt.technology/portrait/header/240414-1595847422.jpg?lm=1
MERTENS;MERTENS Dries;06/05/1987;Lovanio;Belgio;
MESSIAS;MESSIAS Junior;13/05/1991;Belo Horizonte;Brasile;https://img.a.transfermarkt.technology/portrait/header/449151-1594642076.jpg?lm=1
MIGUEL VELOSO;MIGUEL VELOSO;11/05/1986;Coimbra;Portogallo;https://img.a.transfermarkt.technology/portrait/header/43848-1630660740.jpg?lm=1
MIHAILA;MIHAILA Valentin;02/02/2000;Targoviste;Romania;
MILENKOVIC;MILENKOVIC Nikola;12/10/1997;Belgrado;Serbia;https://img.a.transfermarkt.technology/portrait/header/413507-1661166461.jpg?lm=1
MILIK;MILIK Arkadiusz;28/02/1994;Tychy;Polonia;https://img.a.transfermarkt.technology/portrait/header/191891-1661518258.jpg?lm=1
MILINKOVIC-SAVIC;MILINKOVIC-SAVIC Sergej;27/02/1995;Lleida;Serbia;https://img.a.transfermarkt.technology/portrait/header/266302-1594714732.jpg?lm=1
MILINKOVIC-SAVIC V.;MILINKOVIC-SAVIC Vanja;20/02/1997;Ourense;Serbia;https://img.a.transfermarkt.technology/portrait/header/257474-1630509279.jpg?lm=1
MILLICO;MILLICO Vincenzo;12/08/2000;Torino;Italia;
MIRANCHUK;MIRANCHUK Aleksey;17/10/1995;Slavjansk-na-Kubani;Russia;https://img.a.transfermarkt.technology/portrait/header/255450-1661511113.jpg?lm=1
MIRANTE;MIRANTE Antonio;08/07/1983;Castellammare di Stabia;Italia;
MIRETTI;MIRETTI Fabio;03/08/2003;Pinerolo;Italia;https://img.a.transfermarkt.technology/portrait/header/571607-1652773586.jpg?lm=1
MISSIROLI;MISSIROLI Simone;23/05/1986;Reggio Calabria;Italia;
MKHITARYAN;MKHITARYAN Henrikh;21/01/1989;Erevan;Armenia;https://img.a.transfermarkt.technology/portrait/header/55735-1515761398.jpg?lm=1
MOLINA N.;MOLINA Nahuel;06/04/1998;Embalse;Argentina;
MOLINA S.;MOLINA Salvatore;01/01/1992;Garbagnate Milanese;Italia;
MONCINI;MONCINI Gabriele;26/04/1996;Pistoia;Italia;
MONTIEL;MONTIEL Cristobal;11/04/2000;Palma di Maiorca;Spagna;
MONTIPO';MONTIPO Lorenzo;20/02/1996;Novara;Italia;https://img.a.transfermarkt.technology/portrait/header/241923-1598871890.jpg?lm=1
MORATA;MORATA Alvaro;23/10/1992;Madrid;Spagna;https://img.a.transfermarkt.technology/portrait/header/128223-1644496732.jpg?lm=1
MORO;MORO Raul;05/12/2002;Abrera;Spagna;https://img.a.transfermarkt.technology/portrait/header/624942-1632729036.jpg?lm=1
MORO N.;MORO Nikola;12/03/1998;Spalato;Croazia;https://img.a.transfermarkt.technology/portrait/header/316934-1605115785.png?lm=1
MOROSINI;MOROSINI Leonardo;13/10/1995;Ponte San Pietro;Italia;
MOSES;MOSES Victor;12/12/1990;Kaduna;Nigeria;
MOTA;MOTA Dany;02/05/1998;Niederkorn;Portogallo;https://img.a.transfermarkt.technology/portrait/header/347253-1652095197.jpg?lm=1
MULDUR;MULDUR Mert;03/04/1999;Vienna;Turchia;https://img.a.transfermarkt.technology/portrait/header/353922-1630506375.jpg?lm=1
MURGIA;MURGIA Alessandro;09/08/1996;Roma;Italia;
MURIEL;MURIEL Luis;16/04/1991;Santo Tomas;Colombia;https://img.a.transfermarkt.technology/portrait/header/119228-1596182523.jpg?lm=1
MURILLO;MURILLO Jeison;27/05/1992;Cali;Colombia;
MURIQI;MURIQI Vedat;24/04/1994;Prizren;Kosovo;
MURRU;MURRU Nicola;16/12/1994;Cagliari;Italia;
MUSACCHIO;MUSACCHIO Mateo;26/08/1990;Rosario (ARG);Argentina;
MUSSO;MUSSO Juan;06/05/1994;San Nicolas de los Arroyos;Argentina;https://img.a.transfermarkt.technology/portrait/header/242359-1594299059.jpg?lm=1
NAINGGOLAN;NAINGGOLAN Radja;04/05/1988;Anversa;Belgio;
NANDEZ;NANDEZ Nahitan;28/12/1995;Punta del Este;Uruguay;https://img.a.transfermarkt.technology/portrait/header/315063-1594709635.jpg?lm=1
NASTASIC;NASTASIC Matija;28/03/1993;Valjevo;Serbia;https://img.a.transfermarkt.technology/portrait/header/143559-1531813376.jpg?lm=1
NDOJ;NDOJ Emanuel;20/11/1996;Catania;Albania;
NDOMBELE';NDOMBELE' Tanguy;28/12/1996;Longjumeau;Francia;https://img.a.transfermarkt.technology/portrait/header/450936-1561540648.jpg?lm=1
NESTOROVSKI;NESTOROVSKI Ilija;12/03/1990;Prilep;Macedonia;
NICOLAS;NICOLAS;12/04/1988;Colorado do Oeste;Brasile;
NIKOLAOU;NIKOLAOU Dimitrios;13/08/1998;Calcide;Grecia;https://img.a.transfermarkt.technology/portrait/header/292772-1661514726.jpg?lm=1
N'KOULOU;N'KOULOU Nicolas;27/03/1990;Yaounde;Camerun;
NSAME;NSAME Jean-Pierre;01/05/1993;Douala;Camerun;
NUYTINCK;NUYTINCK Bram;04/05/1990;Heumen;Olanda;https://img.a.transfermarkt.technology/portrait/header/104597-1487762539.jpg?lm=1
NZOLA;NZOLA M'Bala;18/08/1996;Troyes;Francia;https://img.a.transfermarkt.technology/portrait/header/354814-1632495379.jpg?lm=1
OBIANG;OBIANG Pedro;27/03/1992;Alcala de Henares;Spagna;
ODRIOZOLA;ODRIOZOLA Alvaro;14/12/1995;San Sebastian;Spagna;
OKAKA;OKAKA Stefano;09/08/1989;Castiglione del Lago;Italia;
OKEREKE;OKEREKE David;29/08/1997;Lagos;Nigeria;
OKOLI;OKOLI Caleb;13/07/2001;Vicenza;Italia;https://img.a.transfermarkt.technology/portrait/header/461833-1652094910.jpg?lm=1
OLIVA;OLIVA Christian;01/06/1996;Ciudad del Plata;Uruguay;
OLIVEIRA;OLIVEIRA Sergio;02/06/1992;Pacos de Brandao;Portogallo;
OLIVERA;OLIVERA Mathias;31/10/1997;Montevideo;Uruguay;https://img.a.transfermarkt.technology/portrait/header/376514-1655122811.jpg?lm=1
OLSEN;OLSEN Robin;08/01/1990;Malmo;Svezia;
ONANA;ONANA André;02/04/1996;Nkol Ngok;Camerun;https://img.a.transfermarkt.technology/portrait/header/234509-1556274335.jpg?lm=1
OPOKU;OPOKU Nicholas;08/11/1997;Kumasi;Ghana;
ORIGI;ORIGI Divock;18/04/1995;Ostenda;Belgio;https://img.a.transfermarkt.technology/portrait/header/148368-1661510925.jpg?lm=1
ORSOLINI;ORSOLINI Riccardo;24/01/1997;Ascoli Piceno;Italia;https://img.a.transfermarkt.technology/portrait/header/368482-1630574024.jpg?lm=1
OSIMHEN;OSIMHEN Victor;29/12/1998;Lagos;Nigeria;https://img.a.transfermarkt.technology/portrait/header/401923-1661352899.jpg?lm=1
OSORIO;OSORIO Yordan;10/05/1994;Barinas;Venezuela;
OSPINA;OSPINA David;31/08/1988;Medellin;Colombia;
OSTIGARD;OSTIGARD Leo;28/11/1999;Andalsnes;Norvegia;https://img.a.transfermarkt.technology/portrait/header/367284-1641459550.jpg?lm=1
OUWEJAN;OUWEJAN Thomas;24/06/1996;Alkmaar;Olanda;
PADELLI;PADELLI Daniele;25/10/1985;Lecco;Italia;
PAJAC;PAJAC Marko;11/05/1993;Zagabria;Croazia;
PALACIO;PALACIO Rodrigo;05/02/1982;Bahia Blanca;Argentina;
PALOMINO;PALOMINO Jose Luis;05/01/1990;San Miguel de Tucuman;Argentina;https://img.a.transfermarkt.technology/portrait/header/125020-1594708450.jpg?lm=1
PALOSCHI;PALOSCHI Alberto;04/01/1990;Chiari;Italia;
PANDEV;PANDEV Goran;27/07/1983;Strumica;Macedonia;
PANDUR;PANDUR Ivor;25/03/2000;Rijeka;Croazia;
PAQUETA';PAQUETA Lucas;27/08/1997;Rio de Janeiro;Brasile;
PAREDES;PAREDES Leandro;29/06/1994;San Justo;Argentina;https://img.a.transfermarkt.technology/portrait/header/166237-1639582931.jpg?lm=1
PARIGINI;PARIGINI Vittorio;25/03/1996;Moncalieri;Italia;
PARISI;PARISI Fabiano;09/11/2000;Serino;Italia;https://img.a.transfermarkt.technology/portrait/header/547985-1613465958.jpg?lm=1
PAROLO;PAROLO Marco;25/01/1985;Gallarate;Italia;
PASALIC;PASALIC Mario;09/02/1995;Mainz;Croazia;https://img.a.transfermarkt.technology/portrait/header/205938-1630496805.jpg?lm=1
PASTORE;PASTORE Javier;20/06/1989;Cordoba;Argentina;
PATRIC;PATRIC;17/04/1993;Mula;Spagna;https://img.a.transfermarkt.technology/portrait/header/126729-1595859188.jpg?lm=1
PAU LOPEZ;PAU LOPEZ;13/12/1994;Girona;Spagna;
PAVOLETTI;PAVOLETTI Leonardo;26/11/1988;Livorno;Italia;
PAZ;PAZ Nehuen;28/04/1993;Buenos Aires;Argentina;
PAZZINI;PAZZINI Giampaolo;02/08/1984;Pescia;Italia;
PEDRO;PEDRO;28/07/1987;Santa Cruz de Tenerife;Spagna;https://img.a.transfermarkt.technology/portrait/header/65278-1602077251.jpg?lm=1
PEDRO G.;PEDRO Guillherme;20/06/1997;Rio de Janeiro;Brasile;
PEGOLO;PEGOLO Gianluca;25/03/1981;Bassano del Grappa;Italia;
PELLEGRI;PELLEGRI Pietro;17/03/2001;Genova;Italia;https://img.a.transfermarkt.technology/portrait/header/364133-1614090917.jpg?lm=1
PELLEGRINI LO.;PELLEGRINI Lorenzo;19/06/1996;Roma;Italia;https://img.a.transfermarkt.technology/portrait/header/286297-1596002391.jpg?lm=1
PELLEGRINI LU.;PELLEGRINI Luca;07/03/1999;Roma;Italia;
PELUSO;PELUSO Federico;20/01/1984;Roma;Italia;
PEREIRA A.;PEREIRA Andreas;01/01/1996;Duffel;Brasile;
PEREIRO;PEREIRO Gaston;11/06/1995;Montevideo;Uruguay;
PEREYRA;PEREYRA Roberto;07/01/1991;San Miguel de Tucuman;Argentina;https://img.a.transfermarkt.technology/portrait/header/112302-1630653037.jpg?lm=1
PEREZ N.;PEREZ Nehuen;24/06/2000;Hurlingham;Argentina;https://img.a.transfermarkt.technology/portrait/header/491693-1629711047.jpg?lm=1
PERIN;PERIN Mattia;10/11/1992;Latina;Italia;https://img.a.transfermarkt.technology/portrait/header/110923-1607528390.jpg?lm=1
PERISAN;PERISAN Samuele;21/08/1997;San Vito al Tagliamento;Italia;
PERISIC;PERISIC Ivan;02/02/1989;Almissa;Croazia;
PEROTTI;PEROTTI Diego;26/07/1988;Moreno;Argentina;
PESSINA;PESSINA Matteo;21/04/1997;Monza;Italia;https://img.a.transfermarkt.technology/portrait/header/332179-1661268524.jpg?lm=1
PETAGNA;PETAGNA Andrea;30/06/1995;Trieste;Italia;https://img.a.transfermarkt.technology/portrait/header/199258-1660297353.jpg?lm=1
PETRICCIONE;PETRICCIONE Jacopo;22/02/1995;Gorizia;Italia;
PEZZELLA GER.;PEZZELLA German;27/06/1991;Bahia Blanca;Argentina;
PEZZELLA GIU.;PEZZELLA Giuseppe;29/11/1997;Napoli;Italia;
PIATEK;PIATEK Krysztof;01/07/1995;Dzierzoniow;Polonia;https://img.a.transfermarkt.technology/portrait/header/327757-1657099152.jpg?lm=1
PICCOLI;PICCOLI Roberto;27/01/2001;Bergamo;Italia;https://img.a.transfermarkt.technology/portrait/header/432092-1630496924.jpg?lm=1
PINAMONTI;PINAMONTI Andrea;19/05/1999;Cles;Italia;https://img.a.transfermarkt.technology/portrait/header/315865-1660281198.jpg?lm=1
PINNA;PINNA Simone;17/10/1997;Oristano;Italia;
PINSOGLIO;PINSOGLIO Carlo;16/03/1990;Moncalieri;Italia;https://img.a.transfermarkt.technology/portrait/header/75411-1468926569.jpg?lm=1
PISACANE;PISACANE Fabio;28/01/1986;Napoli;Italia;
PJACA;PJACA Marko;06/05/1995;Zagabria;Croazia;
PJANIC;PJANIC Miralem;02/04/1990;Tuzla;Bosnia;
POBEGA;POBEGA Tommaso;15/07/1999;Trieste;Italia;https://img.a.transfermarkt.technology/portrait/header/392538-1602507166.png?lm=1
POGBA;POGBA Paul;15/03/1993;Lagny-sur-Marne;Francia;https://img.a.transfermarkt.technology/portrait/header/122153-1582114937.jpg?lm=1
POLI;POLI Andrea;29/09/1989;Vittorio Veneto;Italia;
POLITANO;POLITANO Matteo;03/08/1993;Roma;Italia;https://img.a.transfermarkt.technology/portrait/header/165895-1596098960.jpg?lm=1
PONGRACIC;PONGRACIC Marin;11/09/1997;Landshut;Croazia;https://img.a.transfermarkt.technology/portrait/header/282144-1657202331.jpg?lm=1
PORTANOVA;PORTANOVA Manolo;02/06/2000;Napoli;Italia;
POSCH;POSCH Stefan;14/05/1997;Judenburg;Austria;https://img.a.transfermarkt.technology/portrait/header/223974-1657200239.jpg?lm=1
PRAET;PRAET Dennis;14/05/1994;Lovanio;Belgio;https://img.a.transfermarkt.technology/portrait/header/129588-1572887027.jpg?lm=1
PROTO;PROTO Silvio;23/05/1983;Charleroi;Belgio;
PROVEDEL;PROVEDEL Ivan;17/03/1994;Pordenone;Italia;https://img.a.transfermarkt.technology/portrait/header/197929-1647942320.jpg?lm=1
PULGAR;PULGAR Erick;15/01/1994;Antofagasta;Cile;
PUSSETTO;PUSSETTO Ignacio;21/12/1995;Canada Rosquin;Argentina;https://img.a.transfermarkt.technology/portrait/header/283528-1630653500.jpg?lm=1
QUAGLIARELLA;QUAGLIARELLA Fabio;31/01/1983;Castellammare di Stabia;Italia;https://img.a.transfermarkt.technology/portrait/header/22328-1630591208.jpg?lm=1
RABIOT;RABIOT Adrien;03/04/1995;Saint-Maurice;Francia;https://img.a.transfermarkt.technology/portrait/header/182913-1568120243.jpg?lm=1
RADONJIC;RADONJIC Nemanja;15/02/1996;Nis;Serbia;https://img.a.transfermarkt.technology/portrait/header/245078-1643888976.png?lm=1
RADOVANOVIC;RADOVANOVIC Ivan;29/08/1988;Belgrado;Serbia;
RADU;RADU Stefan;22/10/1986;Bucarest;Romania;
RADU I.;RADU Ionut;28/05/1997;Bucarest;Romania;
RADUNOVIC;RADUNOVIC Boris;26/05/1996;Belgrado;Serbia;
RAFAEL;RAFAEL;03/03/1982;San Paolo;Brasile;
RAFAEL LEAO;RAFAEL LEAO;10/06/1999;Almada;Portogallo;https://img.a.transfermarkt.technology/portrait/header/357164-1661352687.jpg?lm=1
RAGATZU;RAGATZU Daniele;21/09/1991;Cagliari;Italia;
RAMIREZ;RAMIREZ Gaston;02/12/1990;Fray Bentos;Uruguay;
RAMSEY;RAMSEY Aaron;26/12/1990;Caerphilly;Galles;
RANIERI L;RANIERI Luca;23/04/1999;La Spezia;Italia;
RANOCCHIA;RANOCCHIA Andrea;16/02/1988;Assisi;Italia;
RANOCCHIA F.;RANOCCHIA Filippo;14/05/2001;Perugia;Italia;https://img.a.transfermarkt.technology/portrait/header/489611-1660115762.jpg?lm=1
RASMUSSEN;RASMUSSEN Jacob;28/05/1997;Odense;Danimarca;
RASPADORI;RASPADORI Giacomo;18/02/2000;Bentivoglio;Italia;https://img.a.transfermarkt.technology/portrait/header/405885-1661508804.jpg?lm=1
RAUTI;RAUTI Nicola;17/04/2000;Legnano;Italia;
REBIC;REBIC Ante;21/09/1993;Spalato;Croazia;https://img.a.transfermarkt.technology/portrait/header/187587-1596115623.jpg?lm=1
RECA;RECA Arkadiusz;17/06/1995;Chojnice;Polonia;
REGINI;REGINI Vasco;09/09/1990;Cesena;Italia;
REINA;REINA Pepe;31/08/1982;Madrid;Spagna;
REYNOLDS;REYNOLDS Bryan;28/06/2001;Fort Worth;Stati Uniti;
RIBERY;RIBERY Franck;07/04/1983;Boulogne-sur-Mer;Francia;
RICCARDI;RICCARDI Alessio;03/04/2001;Roma;Italia;
RICCARDI D;RICCARDI Davide;09/04/1996;Monfalcone;Italia;
RICCI M.;RICCI Matteo;27/05/1994;Roma;Italia;
RICCI S.;RICCI Samuele;21/08/2001;Pontedera;Italia;https://img.a.transfermarkt.technology/portrait/header/467992-1646648743.jpg?lm=1
RIGONI E;RIGONI Emiliano;04/02/1993;Colonia Caroya;Argentina;
RINCON;RINCON Tomas;13/01/1988;San Cristobal;Venezuela;
RISPOLI;RISPOLI Andrea;29/09/1988;Cava de Tirreni;Italia;
RIZZO N;RIZZO Nicholas;11/03/2000;Esine;Italia;
RODRIGO BECAO;BECAO Rodrigo;19/01/1996;Salvador;Brasile;https://img.a.transfermarkt.technology/portrait/header/410158-1544888187.png?lm=1
RODRIGUEZ R.;RODRIGUEZ Ricardo;25/08/1992;Zurigo;Svizzera;https://img.a.transfermarkt.technology/portrait/header/86784-1597165843.jpg?lm=1
ROG;ROG Marko;19/07/1995;Varazdin;Croazia;
ROGERIO;ROGERIO;13/01/1998;Nobres;Brasile;https://img.a.transfermarkt.technology/portrait/header/401527-1661514085.jpg?lm=1
ROMAGNA;ROMAGNA Filippo;26/05/1997;Fano;Italia;
ROMAGNOLI;ROMAGNOLI Alessio;12/01/1995;Anzio;Italia;https://img.a.transfermarkt.technology/portrait/header/197747-1650543426.jpg?lm=1
ROMERO;ROMERO Cristian;27/04/1998;Cordoba;Argentina;
ROMERO L.;ROMERO Luka;18/11/2004;Durango;Argentina;https://img.a.transfermarkt.technology/portrait/header/769063-1630499868.jpg?lm=1
ROMULO;ROMULO;22/05/1987;Pelotas;Italia;
RONALDO;RONALDO Cristiano;05/02/1985;Funchal;Portogallo;
ROSATI;ROSATI Antonio;26/06/1983;Tivoli;Italia;
ROSSETTINI;ROSSETTINI Luca;09/05/1985;Padova;Italia;
ROSSI F.;ROSSI Francesco;27/04/1991;Merate;Italia;
ROVELLA;ROVELLA Nicolo;04/12/2001;Segrate;Italia;https://img.a.transfermarkt.technology/portrait/header/525704-1591611336.jpg?lm=1
RRAHMANI;RRAHMANI Amir;24/02/1994;Pristina;Kosovo;https://img.a.transfermarkt.technology/portrait/header/257732-1594641734.jpg?lm=1
RUEGG;RUEGG Kevin;05/08/1988;Uster;Svizzera;
RUGANI;RUGANI Daniele;29/07/1994;Lucca;Italia;https://img.a.transfermarkt.technology/portrait/header/162959-1595858253.jpg?lm=1
RUGGERI;RUGGERI Matteo;11/07/2002;San Giovanni Bianco;Italia;https://img.a.transfermarkt.technology/portrait/header/616631-1634294869.jpg?lm=1
RUI PATRICIO;RUI PATRICIO;15/02/1988;Marrazes;Portogallo;https://img.a.transfermarkt.technology/portrait/header/45026-1661350448.jpg?lm=1
RUIZ;RUIZ Fabian;03/04/1996;Los Palacios y Villafranca;Spagna;https://img.a.transfermarkt.technology/portrait/header/350219-1545230107.jpg?lm=1
RUSSO A;RUSSO Alessandro;31/03/2001;Reggio Calabria;Italia;
SABELLI;SABELLI Stefano;13/01/1993;Roma;Italia;
SABIRI;SABIRI Abdelhamid;28/11/1996;Goulmima;Germania;https://img.a.transfermarkt.technology/portrait/header/340394-1661514460.jpg?lm=1
SAELEMAEKERS;SAELEMAEKERS Alexis;27/06/1999;Berchem-Sainte-Agathe;Belgio;https://img.a.transfermarkt.technology/portrait/header/381950-1609842664.jpg?lm=1
SALA;SALA Jacopo;05/12/1991;Alzano Lombardo;Italia;
SALAMON;SALAMON Bartosz;01/05/1991;Poznan;Polonia;
SALCEDO E.;SALCEDO Eddie;01/10/2001;Genova;Italia;https://img.a.transfermarkt.technology/portrait/header/459661-1589803882.jpg?lm=1
SAMARDZIC;SAMARDZIC Lazar;24/02/2002;Berlino;Germania;https://img.a.transfermarkt.technology/portrait/header/528833-1610285895.jpg?lm=1
SAMIR;SAMIR;05/12/1994;Sao Goncalo;Brasile;
SANABRIA;SANABRIA Antonio;04/03/1996;San Lorenzo;Paraguay;https://img.a.transfermarkt.technology/portrait/header/234523-1596184427.jpg?lm=1
SANCHEZ;SANCHEZ Alexis;19/12/1988;Tocopilla;Cile;
SANDRO;SANDRO;15/03/1989;Riachinho;Brasile;
SANSONE;SANSONE Nicola;10/09/1991;Monaco di Baviera;Italia;https://img.a.transfermarkt.technology/portrait/header/82048-1596108134.jpg?lm=1
SANTANDER;SANTANDER Federico;04/06/1991;San Lorenzo;Paraguay;
SANTON;SANTON Davide;02/01/1991;Portomaggiore;Italia;
SAPONARA;SAPONARA Riccardo;21/12/1991;Forli;Italia;https://img.a.transfermarkt.technology/portrait/header/88909-1579697536.jpg?lm=1
SARR M.;SARR Mouhamadou;05/01/1997;Kaolack;Senegal;
SATRIANO;SATRIANO Martin;20/02/2001;Montevideo;Uruguay;
SCALVINI;SCALVINI Giorgio;11/12/2003;Chiari;Italia;https://img.a.transfermarkt.technology/portrait/header/571604-1632221814.jpg?lm=1
SCAMACCA;SCAMACCA Gianluca;01/01/1999;Roma;Italia;
SCHIATTARELLA;SCHIATTARELLA Pasquale;30/05/1987;Mugnano di Napoli;Italia;
SCHONE;SCHONE Lasse;27/05/1986;Taastrup;Danimarca;
SCHOUTEN;SCHOUTEN Jerdy;12/01/1997;Hellevoetsluis;Olanda;https://img.a.transfermarkt.technology/portrait/header/347900-1630574394.jpg?lm=1
SCHUURS;SCHUURS Perr;26/11/1999;Nieuwstadt;Olanda;https://img.a.transfermarkt.technology/portrait/header/418543-1610718121.jpg?lm=1
SCOZZARELLA;SCOZZARELLA Matteo;05/06/1988;Trieste;Italia;
SECULIN;SECULIN Andrea;14/07/1990;Gorizia;Italia;
SEMA;SEMA Ken;30/09/1993;Norrkoping;Svezia;
SEMPRINI;SEMPRINI Alessandro;24/02/1998;Brescia;Italia;
SENSI;SENSI Stefano;05/08/1995;Urbino;Italia;https://img.a.transfermarkt.technology/portrait/header/216179-1591600085.jpg?lm=1
SEPE;SEPE Luigi;08/05/1991;Torre del Greco;Italia;https://img.a.transfermarkt.technology/portrait/header/99254-1410346832.jpg?lm=1
SERNICOLA;SERNICOLA Leonardo;30/07/1997;Civita Castellana;Italia;https://img.a.transfermarkt.technology/portrait/header/340707-1656583185.jpg?lm=1
SHAKHOV;SHAKHOV Jekven;30/11/1990;Dnipropetrovsk;Ucraina;
SHOMURODOV;SHOMURODOV Eldor;29/06/1995;Jarkugan;Uzbekistan;https://img.a.transfermarkt.technology/portrait/header/358166-1661514115.jpg?lm=1
SIERRALTA;SIERRALTA Francisco;06/05/1997;Las Condes;Cile;
SILIGARDI;SILIGARDI Luca;26/01/1988;Correggio;Italia;
SILVESTRI;SILVESTRI Marco;02/03/1991;Castelnovo ne Monti;Italia;https://img.a.transfermarkt.technology/portrait/header/85528-1594713587.jpg?lm=1
SIMEONE;SIMEONE Giovanni;05/07/1995;Buenos Aires;Argentina;https://img.a.transfermarkt.technology/portrait/header/282388-1594709796.jpg?lm=1
SIMY;SIMY Nwankwo;07/05/1992;Onitsha;Nigeria;
SINGO;SINGO Wilfried;25/12/2000;Odiennè;Costa d'Avorio;https://img.a.transfermarkt.technology/portrait/header/648779-1661511097.jpg?lm=1
SIRIGU;SIRIGU Salvatore;12/01/1987;Nuoro;Italia;https://img.a.transfermarkt.technology/portrait/header/25508-1661351326.jpg?lm=1
SKORUPSKI;SKORUPSKI Lukasz;05/05/1991;Zabrze;Polonia;https://img.a.transfermarkt.technology/portrait/header/80894-1595848892.jpg?lm=1
SKOV OLSEN;SKOV OLSEN Andreas;29/12/1999;Hillerod;Danimarca;
SKRINIAR;SKRINIAR Milan;11/02/1995;Ziar nad Hronom;Slovacchia;https://img.a.transfermarkt.technology/portrait/header/204069-1598256813.jpg?lm=1
SMALLING;SMALLING Chris;22/11/1989;Greenwich;Inghilterra;https://img.a.transfermarkt.technology/portrait/header/103427-1661351602.jpg?lm=1
SOPPY;SOPPY Brandon;21/02/2002;Aubervilliers;Francia;https://img.a.transfermarkt.technology/portrait/header/546880-1629979523.jpg?lm=1
SORIANO;SORIANO Roberto;08/02/1991;Darmstadt;Italia;https://img.a.transfermarkt.technology/portrait/header/63186-1596008971.jpg?lm=1
SOTTIL;SOTTIL Riccardo;03/06/1999;Torino;Italia;https://img.a.transfermarkt.technology/portrait/header/386455-1594713376.jpg?lm=1
SOULE';SOULÉ Matias;15/04/2003;Mar del Plata;Argentina;https://img.a.transfermarkt.technology/portrait/header/668951-1631278048.jpg?lm=1
SOUMAORO;SOUMAORO Adama;18/06/1992;Fontenay-aux-Roses;Francia;https://img.a.transfermarkt.technology/portrait/header/126673-1661350658.jpg?lm=1
SPALEK;SPALEK Nikolas;12/02/1997;Sala;Slovacchia;
SPINAZZOLA;SPINAZZOLA Leonardo;25/03/1993;Foligno;Italia;https://img.a.transfermarkt.technology/portrait/header/118689-1595925786.jpg?lm=1
SPORTIELLO;SPORTIELLO Marco;10/05/1992;Desio;Italia;https://img.a.transfermarkt.technology/portrait/header/199976-1661351013.jpg?lm=1
SPROCATI;SPROCATI Mattia;28/04/1993;Monza;Italia;
STEPINSKI;STEPINSKI Mariusz;12/05/1995;Sieradz;Polonia;
STOJANOVIC;STOJANOVIC Petar;07/10/1995;Lubiana;Slovenia;https://img.a.transfermarkt.technology/portrait/header/183841-1632394381.jpg?lm=1
STRAKOSHA;STRAKOSHA Thomas;19/03/1995;Atene;Albania;
STRANDBERG;STRANDBERG Stefan;14/04/1996;Goteborg;Svezia;
STREFEZZA;STREFEZZA Gabriel;18/04/1997;San Paolo;Brasile;https://img.a.transfermarkt.technology/portrait/header/457673-1594717563.jpg?lm=1
STROOTMAN;STROOTMAN Kevin;13/02/1990;Ridderkerk;Olanda;
STRYGER LARSEN;STRYGER LARSEN Jens;21/02/1991;Sakskobing;Danimarca;
STULAC;STULAC Leo;26/09/1994;Koper;Slovenia;
STURARO;STURARO Stefano;09/03/1993;Sanremo;Italia;
SUCCESS;SUCCESS Isaac;07/01/1996;Benin City;Nigeria;https://img.a.transfermarkt.technology/portrait/header/295331-1630653144.jpg?lm=1
SUSO;SUSO;19/11/1993;Cadice;Spagna;
SUTALO;SUTALO Bosko;01/01/2000;Metkovic;Croazia;
SVANBERG;SVANBERG Mattias;05/01/1999;Malmo;Svezia;
SVILAR;SVILAR Mile;27/08/1999;Anversa;Serbia;https://img.a.transfermarkt.technology/portrait/header/338670-1603794249.jpg?lm=1
SZCZESNY;SZCZESNY Wojciech;18/04/1990;Varsavia;Polonia;https://img.a.transfermarkt.technology/portrait/header/44058-1595847517.jpg?lm=1
TABANELLI;TABANELLI Andrea;02/02/1990;Ravenna;Italia;
TACHTSIDIS;TACHTSIDIS Panagiotis;15/02/1991;Nauplia;Grecia;
TAMEZE;TAMEZE Adrien;04/11/1994;Lilla;Camerun;https://img.a.transfermarkt.technology/portrait/header/157507-1594708146.jpg?lm=1
TATARUSANU;TATARUSANU Ciprian;09/02/1986;Bucarest;Romania;
TEODORCZYK;TEODORCZYK Lukasz;03/06/1991;Zuromin;Polonia;
TER AVEST;TER AVEST Hidde;20/05/1997;Wierden;Olanda;
TERRACCIANO;TERRACCIANO Pietro;08/03/1990;San Felice a Cancello;Italia;https://img.a.transfermarkt.technology/portrait/header/96254-1595853091.jpg?lm=1
TERRACCIANO F.;TERRACCIANO Filippo;08/02/2003;Verona;Italia;https://img.a.transfermarkt.technology/portrait/header/631007-1639584090.jpg?lm=1
TERZIC;TERZIC Aleksa;17/08/1999;Belgrado;Serbia;https://img.a.transfermarkt.technology/portrait/header/404260-1633962887.jpg?lm=1
TESSMANN;TESSMANN Tanner;24/09/2001;Birmingham;Stati Uniti;
THEATE;THEATE Arthur;25/05/2000;Liegi;Belgio;
THEREAU;THEREAU Cyril;24/04/1983;Privas;Francia;
THIAM D;THIAM Demba;09/03/1998;Dakar;Senegal;
THIAW;THIAW Malick;08/08/2001;Dusseldorf;Germania;https://img.a.transfermarkt.technology/portrait/header/521964-1657108501.jpg?lm=1
THORSBY;THORSBY Morten;05/05/1996;Oslo;Norvegia;
THORSTVEDT;THORSTVEDT Kristian;13/03/1999;Stavanger;Norvegia;https://img.a.transfermarkt.technology/portrait/header/564785-1627569546.jpg?lm=1
TOLJAN;TOLJAN Jeremy;08/08/1994;Stoccarda;Germania;https://img.a.transfermarkt.technology/portrait/header/129674-1534236483.jpg?lm=1
TOLOI;TOLOI Rafael;10/10/1990;Gloria d'Oeste;Brasile;https://img.a.transfermarkt.technology/portrait/header/72441-1594708370.jpg?lm=1
TOMIYASU;TOMIYASU Takehiro;05/11/1998;Fukuoka;Giappone;
TOMORI;TOMORI Fikayo;19/12/1997;Calgary;Inghilterra;https://img.a.transfermarkt.technology/portrait/header/303254-1611309323.jpg?lm=1
TOMOVIC;TOMOVIC Nenad;30/08/1987;Kragujevac;Serbia;
TONALI;TONALI Sandro;08/05/2000;Lodi;Italia;https://img.a.transfermarkt.technology/portrait/header/397033-1616775399.jpg?lm=1
TONELLI;TONELLI Lorenzo;17/01/1990;Firenze;Italia;
TORREGROSSA;TORREGROSSA Ernesto;28/06/1992;Caltanisetta;Italia;
TORREIRA;TORREIRA Lucas;11/02/1996;Fray Bentos;Uruguay;
TRAORE' HJ.;TRAORE Hamed Junior;16/02/2000;Abidjan;Costa d'Avorio;
TREMOLADA;TREMOLADA Luca;25/11/1991;Milano;Italia;
TRIPALDELLI;TRIPALDELLI Alessandro;09/02/1999;Napoli;Italia;
TROOST-EKONG;TROOST-EKONG William;01/09/1993;Haarlem;Nigeria;
TUPTA;TUPTA Lubomir;27/03/1998;Presov;Slovacchia;
TUTINO;TUTINO Gennaro;20/08/1996;Napoli;Italia;
UDOGIE;UDOGIE Destiny;28/11/2002;Verona;Italia;https://img.a.transfermarkt.technology/portrait/header/556385-1630653244.jpg?lm=1
UJKANI;UJKANI Samir;05/07/1988;Vucitrn;Kosovo;
UMTITI;UMTITI Samuel;14/11/1993;Yaoundè;Francia;https://img.a.transfermarkt.technology/portrait/header/126540-1598302607.jpg?lm=1
UNDER;UNDER Cengiz;14/07/1997;Balikesir;Turchia;
VALDIFIORI;VALDIFIORI Mirko;21/04/1986;Lugo;Italia;
VALOTI;VALOTI Mattia;06/09/1993;Vicenza;Italia;https://img.a.transfermarkt.technology/portrait/header/167741-1596024307.jpg?lm=1
VANHEUSDEN;VANHEUSDEN Zinho;29/07/1999;Hasselt;Belgio;
VASQUEZ;VASQUEZ Johan;22/10/1998;Navojoa;Messico;https://img.a.transfermarkt.technology/portrait/header/532937-1618415459.jpg?lm=1
VAVRO;VAVRO Denis;10/04/1996;Partizanske;Slovacchia;
VECINO;VECINO Matias;24/08/1991;Canelones;Uruguay;https://img.a.transfermarkt.technology/portrait/header/143812-1596003367.jpg?lm=1
VENUTI;VENUTI Lorenzo;12/04/1995;Montevarchi;Italia;https://img.a.transfermarkt.technology/portrait/header/240219-1644233850.jpg?lm=1
VERA;VERA Brayan;15/01/1999;San Luis;Colombia;
VERDE;VERDE Daniele;20/06/1996;Napoli;Italia;https://img.a.transfermarkt.technology/portrait/header/256361-1602507217.png?lm=1
VERDI;VERDI Simone;12/07/1992;Broni;Italia;https://img.a.transfermarkt.technology/portrait/header/130360-1596099945.jpg?lm=1
VERETOUT;VERETOUT Jordan;01/03/1993;Ancenis;Francia;
VERRE;VERRE Valerio;11/01/1994;Roma;Italia;
VICARI;VICARI Francesco;03/08/1994;Roma;Italia;
VICARIO;VICARIO Guglielmo;07/10/1996;Udine;Italia;https://img.a.transfermarkt.technology/portrait/header/286047-1630576218.jpg?lm=1
VIDAL;VIDAL Arturo;22/05/1987;Santiago del Cile;Cile;
VIEIRA;VIEIRA Ronaldo;19/07/1998;Bissau;Inghilterra;
VIGNATO;VIGNATO Emanuel;24/08/2000;Negrar;Italia;https://img.a.transfermarkt.technology/portrait/header/394346-1602059840.jpg?lm=1
VIGNATO S.;VIGNATO Samuele;24/02/2004;Fumane;Italia;https://img.a.transfermarkt.technology/portrait/header/650966-1634108308.jpg?lm=1
VIGORITO;VIGORITO Mauro;22/05/1990;Macomer;Italia;
VILHENA;VILHENA Tonny;03/01/1995;Maassluis;Olanda;https://img.a.transfermarkt.technology/portrait/header/182581-1661514002.jpg?lm=1
VILLAR;VILLAR Gonzalo;23/03/1998;Murcia;Spagna;https://img.a.transfermarkt.technology/portrait/header/398163-1611584180.jpg?lm=1
VINA;VINA Matias;09/11/1997;Empalme Olmos;Uruguay;https://img.a.transfermarkt.technology/portrait/header/439072-1630498009.jpg?lm=1
VITALE L;VITALE Luigi;05/10/1987;Castellammare di Stabia;Italia;
VITI;VITI Mattia;24/01/2002;Borgo San Lorenzo;Italia;
VIVIANI M;VIVIANI Mattia;04/09/2000;Brescia;Italia;
VLAHOVIC;VLAHOVIC Dusan;28/01/2000;Belgrado;Serbia;https://img.a.transfermarkt.technology/portrait/header/357498-1632225570.jpg?lm=1
VLASIC;VLASIC Nikola;04/10/1997;Spalato;Croazia;https://img.a.transfermarkt.technology/portrait/header/293200-1647595523.png?lm=1
VODISEK;VODISEK Rok;05/12/1998;Lubiana;Slovenia;
VOJVODA;VOJVODA Mergim;01/02/1995;Skenderaj;Kosovo;https://img.a.transfermarkt.technology/portrait/header/336125-1661351703.jpg?lm=1
VRANCKX;VRANCKX Aster;04/10/2002;Erps;Belgio;https://img.a.transfermarkt.technology/portrait/header/503881-1657202999.jpg?lm=1
WALACE;WALACE;04/04/1995;Salvador;Brasile;https://img.a.transfermarkt.technology/portrait/header/323954-1661511672.jpg?lm=1
WALUKIEWICZ;WALUKIEWICZ Sebastian;05/04/2000;Gorzow Wielkopolski;Polonia;
WIJNALDUM;WIJNALDUM Georginio;11/11/1990;Rotterdam;Olanda;https://img.a.transfermarkt.technology/portrait/header/49499-1469085417.jpg?lm=1
WINKS;WINKS Harry;02/02/1996;Hemel Hempstead;Inghilterra;https://img.a.transfermarkt.technology/portrait/header/249126-1457456772.jpg?lm=1
YEPES;YEPES Gerard;25/08/2002;Barcellona;Spagna;https://img.a.transfermarkt.technology/portrait/header/624436-1626690043.jpg?lm=1
YOSHIDA;YOSHIDA Maya;24/08/1988;Nagasaki;Giappone;
YOUNES;YOUNES Amin;06/08/1993;Dusseldorf;Germania;
YOUNG;YOUNG Ashley;09/07/1985;Stevenage;Inghilterra;
ZACCAGNI;ZACCAGNI Mattia;16/06/1995;Cesena;Italia;https://img.a.transfermarkt.technology/portrait/header/283735-1605862885.jpg?lm=1
ZACCAGNO;ZACCAGNO Andrea;27/05/1997;Padova;Italia;
ZAJC;ZAJC Miha;01/07/1994;San Pietro;Slovenia;
ZAKARIA;ZAKARIA Denis;20/11/1996;Ginevra;Svizzera;https://img.a.transfermarkt.technology/portrait/header/334526-1644234041.jpg?lm=1
ZALEWSKI;ZALEWSKI Nicola;23/01/2002;Tivoli;Polonia;https://img.a.transfermarkt.technology/portrait/header/550108-1645432632.jpg?lm=1
ZAMBO ANGUISSA;ZAMBO ANGUISSA Andrè;16/11/1995;Yaounde;Camerun;https://img.a.transfermarkt.technology/portrait/header/354361-1632391268.jpg?lm=1
ZANIMACCHIA;ZANIMACCHIA Luca;19/07/1998;Desio;Italia;https://img.a.transfermarkt.technology/portrait/header/407265-1599038787.jpg?lm=1
ZANIOLO;ZANIOLO Nicolo;02/07/1999;Massa;Italia;https://img.a.transfermarkt.technology/portrait/header/392085-1630498680.jpg?lm=1
ZAPATA C.;ZAPATA Cristian;30/09/1986;Padilla;Colombia;
ZAPATA D.;ZAPATA Duvan;01/04/1991;Cali;Colombia;https://img.a.transfermarkt.technology/portrait/header/73794-1661508410.jpg?lm=1
ZAPPA;ZAPPA Gabriele;22/12/1999;Monza;Italia;
ZAPPACOSTA;ZAPPACOSTA Davide;11/06/1992;Sora;Italia;https://img.a.transfermarkt.technology/portrait/header/173859-1661268432.jpg?lm=1
ZAZA;ZAZA Simone;25/06/1991;Policoro;Italia;
ZENNARO;ZENNARO Mattia;03/08/2000;Venezia;Italia;
ZIELINSKI;ZIELINSKI Piotr;20/05/1994;Zabkowice Slaskie;Polonia;https://img.a.transfermarkt.technology/portrait/header/181136-1596002218.jpg?lm=1
ZIMA;ZIMA David;08/11/2000;Olomouc;Repubblica Ceca;https://img.a.transfermarkt.technology/portrait/header/544149-1605982598.png?lm=1
ZMRHAL;ZMRHAL Jaromir;02/08/1993;Zatec;Repubblica Ceca;
ZOET;ZOET Jeroen;06/01/1991;Veendam;Olanda;https://img.a.transfermarkt.technology/portrait/header/79045-1602505437.jpg?lm=1
ZURKOWSKI;ZURKOWSKI Szymon;25/09/1997;Tychy;Polonia;https://img.a.transfermarkt.technology/portrait/header/387234-1656583041.jpg?lm=1
